text,text2
ab,ab
aba,aba
aba güreşi,aba güreşi
abacı,abacı
abacılık,abacılık
abadi,abadi
abajur,abajur
abajurcu,abajurcu
abajurculuk,abajurculuk
abajurlu,abajurlu
abajursuz,abajursuz
abaküs,abaküs
abalı,abalı
Abana,Abana
abandırma,abandırma
abandırmak,abandırmak
abandone,abandone
abanık,abanık
abani,abani
abanma,abanma
abanmak,abanmak
abanoz,abanoz
abanozgiller,abanozgiller
abanozlaşma,abanozlaşma
abanozlaşmak,abanozlaşmak
abartı,abartı
abartıcı,abartıcı
abartıcılık,abartıcılık
abartılı,abartılı
abartılma,abartılma
abartılmak,abartılmak
abartısız,abartısız
abartısızlık,abartısızlık
abartış,abartış
abartma,abartma
abartmacı,abartmacı
abartmacılık,abartmacılık
abartmak,abartmak
abartmalı,abartmalı
abartmasız,abartmasız
abasız,abasız
abaşo,abaşo
abat etmek,abat etmek
abat eylemek,abat eylemek
abat olmak,abat olmak
abat,abat
Abaza,Abaza
Abaza peyniri,Abaza peyniri
Abazaca,Abazaca
abazan,abazan
abazanlık,abazanlık
Abbas,Abbas
abd,abd
abdal,abdal
Abdal,Abdal
abdallık,abdallık
abdest,abdest
abdestbozan,abdestbozan
abdestbozan otu,abdestbozan otu
abdesthane,abdesthane
abdestli,abdestli
abdestlik,abdestlik
abdestlilik,abdestlilik
abdestsiz,abdestsiz
abdestsizlik,abdestsizlik
abdiâciz,abdiâciz
abdülleziz,abdülleziz
abece,abece
abece sırası,abece sırası
abecesel,abecesel
aberasyon,aberasyon
abes,abes
abeslik,abeslik
abıhayat,abıhayat
abıkevser,abıkevser
abide,abide
abideleşme,abideleşme
abideleşmek,abideleşmek
abideleştirme,abideleştirme
abideleştirmek,abideleştirmek
abidevi,abidevi
abidik gubidik,abidik gubidik
abis,abis
abiye,abiye
abla,abla
ablacı,ablacı
ablacılık,ablacılık
ablak,ablak
ablakça,ablakça
ablaklık,ablaklık
ablalık etmek,ablalık etmek
ablalık,ablalık
ablatif,ablatif
ablatya,ablatya
abli,abli
abluka,abluka
abone,abone
abonelik,abonelik
abonman,abonman
aborda,aborda
aborjin,aborjin
abra,abra
abrakadabra,abrakadabra
abrama,abrama
abramak,abramak
abraş,abraş
abril,abril
absorbe,absorbe
abstraksiyonizm,abstraksiyonizm
abstre,abstre
abstre sanat,abstre sanat
abstre sayı,abstre sayı
absürt,absürt
abu,abu
abuhava,abuhava
abuk sabuk,abuk sabuk
abuk sabukluk,abuk sabukluk
abuk subuk,abuk subuk
abuk subukluk,abuk subukluk
abuli,abuli
abullabut,abullabut
abullabutluk,abullabutluk
abur cubur,abur cubur
abur cuburluk,abur cuburluk
abus,abus
acaba,acaba
acar,acar
Acar,Acar
Acara,Acara
acarlaşma,acarlaşma
acarlaşmak,acarlaşmak
acarlık,acarlık
acayip olmak,acayip olmak
acayip,acayip
acayipleşme,acayipleşme
acayipleşmek,acayipleşmek
acayipleştirme,acayipleştirme
acayipleştirmek,acayipleştirmek
acayiplik,acayiplik
accelerando,accelerando
ace,ace
acele,acele
acele posta,acele posta
aceleci,aceleci
acelecilik,acelecilik
aceleleştirme,aceleleştirme
aceleleştirmek,aceleleştirmek
acem,acem
Acem,Acem
Acem halayı,Acem halayı
Acem işi,Acem işi
Acem kılıcı,Acem kılıcı
Acem lalesi,Acem lalesi
Acem pilavı,Acem pilavı
acemaşiran,acemaşiran
acemborusu,acemborusu
acembuselik,acembuselik
Acemce,Acemce
acemi,acemi
acemi ağası,acemi ağası
acemi çaylak,acemi çaylak
acemi er,acemi er
acemi ocağı,acemi ocağı
acemi oğlanı,acemi oğlanı
acemice,acemice
acemileşme,acemileşme
acemileşmek,acemileşmek
acemilik,acemilik
acemkürdi,acemkürdi
Acemleşme,Acemleşme
Acemleşmek,Acemleşmek
Acemleştirme,Acemleştirme
Acemleştirmek,Acemleştirmek
acente,acente
acentelik,acentelik
acep,acep
aceze,aceze
acı,acı
acı acı,acı acı
acı ağaç,acı ağaç
acı badem,acı badem
acı badem kurabiyesi,acı badem kurabiyesi
acı bakla,acı bakla
acı bal,acı bal
acı balık,acı balık
acı ceviz,acı ceviz
acı çiğdem,acı çiğdem
acı elma,acı elma
acı hıyar,acı hıyar
acı karpuz,acı karpuz
acı kavak,acı kavak
acı kavun,acı kavun
acı kök,acı kök
acı kuvvet,acı kuvvet
acı marul,acı marul
acı meyan,acı meyan
acı ot,acı ot
acı pelin,acı pelin
acı sakız,acı sakız
acı söz,acı söz
acı su,acı su
acı tatlı,acı tatlı
acı yavşan,acı yavşan
acı yitimi,acı yitimi
acı yonca,acı yonca
acıca,acıca
Acıgöl,Acıgöl
acıkılma,acıkılma
acıkılmak,acıkılmak
acıkış,acıkış
acıklı,acıklı
acıklı komedi,acıklı komedi
acıklılık,acıklılık
acıkma,acıkma
acıkmak,acıkmak
acıktırma,acıktırma
acıktırmak,acıktırmak
acılanma,acılanma
acılanmak,acılanmak
acılaşma,acılaşma
acılaşmak,acılaşmak
acılaştırma,acılaştırma
acılaştırmak,acılaştırmak
acılı,acılı
acılık,acılık
acılılık,acılılık
acıma,acıma
acımak,acımak
acımasız,acımasız
acımasızca,acımasızca
acımık,acımık
acımsı,acımsı
acımtırak,acımtırak
acındırma,acındırma
acındırmak,acındırmak
acınılma,acınılma
acınılmak,acınılmak
acınma,acınma
acınmak,acınmak
Acıpayam,Acıpayam
acırak,acırak
acırga,acırga
acısız,acısız
acısızlık,acısızlık
acıtış,acıtış
acıtma,acıtma
acıtmak,acıtmak
acıyıcı,acıyıcı
acıyış,acıyış
acibe,acibe
acil,acil
acil ihtiyaç kredisi,acil ihtiyaç kredisi
acil servis,acil servis
acilen,acilen
âciz,âciz
aciz,aciz
âcizane,âcizane
âcizleri,âcizleri
âcizlik,âcizlik
acube,acube
acul,acul
acun,acun
acur,acur
acuze,acuze
acyo,acyo
acyocu,acyocu
aç,aç
aç acına,aç acına
aç biilaç,aç biilaç
açacak,açacak
açan,açan
açar,açar
açelya,açelya
açgöz,açgöz
açgözlü,açgözlü
açgözlülük,açgözlülük
açı,açı
açı ölçüm,açı ölçüm
açıcı,açıcı
açıcılık,açıcılık
açığa alınma,açığa alınma
açığa alma,açığa alma
açık açık,açık açık
açık ağıl,açık ağıl
açık ağızlı,açık ağızlı
açık alan,açık alan
açık artırma,açık artırma
açık bilet,açık bilet
açık bono,açık bono
açık bölge,açık bölge
açık büfe,açık büfe
açık celse,açık celse
açık ciro,açık ciro
açık çek,açık çek
açık deniz,açık deniz
açık devre,açık devre
açık dolaşım sistemi,açık dolaşım sistemi
açık durum,açık durum
açık duruşma,açık duruşma
açık düşme,açık düşme
açık eksiltme,açık eksiltme
açık elli,açık elli
açık ellilik,açık ellilik
açık fikirli,açık fikirli
açık fikirlilik,açık fikirlilik
açık görüş,açık görüş
açık gri,açık gri
açık hava,açık hava
açık hava müzesi,açık hava müzesi
açık hava sineması,açık hava sineması
açık hava tiyatrosu,açık hava tiyatrosu
açık hece,açık hece
açık hesap,açık hesap
açık imza,açık imza
açık işletme,açık işletme
açık kahverengi,açık kahverengi
açık kalp ameliyatı,açık kalp ameliyatı
açık kalpli,açık kalpli
açık kalplilik,açık kalplilik
açık kapı politikası,açık kapı politikası
açık kapı siyaseti,açık kapı siyaseti
açık kart,açık kart
açık kestane,açık kestane
açık kırmızı,açık kırmızı
açık kredi,açık kredi
açık liman,açık liman
açık lise,açık lise
açık maaşı,açık maaşı
açık mavi,açık mavi
açık mektup,açık mektup
açık ordugâh,açık ordugâh
açık oturum,açık oturum
açık oy,açık oy
açık öğretim,açık öğretim
açık önerme,açık önerme
açık pazar,açık pazar
açık pembe,açık pembe
açık piyasa,açık piyasa
açık poliçe,açık poliçe
açık raf,açık raf
açık rejim,açık rejim
açık saçık,açık saçık
açık saçıklık,açık saçıklık
açık sarı,açık sarı
açık sayım,açık sayım
açık seçik,açık seçik
açık seçiklik,açık seçiklik
açık senet,açık senet
açık sözlü,açık sözlü
açık sözlülük,açık sözlülük
açık şehir,açık şehir
açık taşıt,açık taşıt
açık teşekkür,açık teşekkür
açık tohumlular,açık tohumlular
açık tribün,açık tribün
açık yara,açık yara
açık yeşil,açık yeşil
açık yürekli,açık yürekli
açık yüreklilik,açık yüreklilik
açık zaman,açık zaman
açık,açık
açıkağız,açıkağız
açıkça,açıkça
açıkçası,açıkçası
açıkçı,açıkçı
açıkgöz,açıkgöz
açıkgözlük,açıkgözlük
açıkgözlülük,açıkgözlülük
açıklama,açıklama
açıklama cümlesi,açıklama cümlesi
açıklamak,açıklamak
açıklamalı,açıklamalı
açıklanan,açıklanan
açıklanma,açıklanma
açıklanmak,açıklanmak
açıklar livası,açıklar livası
açıklaşma,açıklaşma
açıklaşmak,açıklaşmak
açıklaştırma,açıklaştırma
açıklaştırmak,açıklaştırmak
açıklatma,açıklatma
açıklatmak,açıklatmak
açıklayan,açıklayan
açıklayıcı,açıklayıcı
açıklayıcılık,açıklayıcılık
açıklayış,açıklayış
açıklık politikası,açıklık politikası
açıklık,açıklık
açıklıkölçer,açıklıkölçer
açıktan,açıktan
açıktan açığa,açıktan açığa
açıktan atama,açıktan atama
açıktan tayin,açıktan tayin
açılama,açılama
açılım,açılım
açılış,açılış
açılış konuşması,açılış konuşması
açılış töreni,açılış töreni
açılma,açılma
açılmak,açılmak
açım,açım
açımlama,açımlama
açımlamak,açımlamak
açımlanma,açımlanma
açımlanmak,açımlanmak
açındırma,açındırma
açındırmak,açındırmak
açınım,açınım
açınma,açınma
açınmak,açınmak
açınsama,açınsama
açınsamak,açınsamak
açıortay,açıortay
açıortay düzlemi,açıortay düzlemi
açıölçer,açıölçer
açısal,açısal
açısal bölge,açısal bölge
açısal çap,açısal çap
açısal hız,açısal hız
açısal ivme,açısal ivme
açısal sapma,açısal sapma
açısal uzaklık,açısal uzaklık
açısal yol,açısal yol
açış,açış
açış konuşması,açış konuşması
açıt,açıt
açkı,açkı
açkıcı,açkıcı
açkılama,açkılama
açkılamak,açkılamak
açkılanma,açkılanma
açkılanmak,açkılanmak
açkılatma,açkılatma
açkılatmak,açkılatmak
açkılı,açkılı
açkısız,açkısız
açlık grevi,açlık grevi
açlık şekeri,açlık şekeri
açlık,açlık
açma,açma
açmacı,açmacı
açmacılık,açmacılık
açmak,açmak
açmalık,açmalık
açmaz,açmaz
açmaz halatı,açmaz halatı
açmazlık,açmazlık
açtırma,açtırma
açtırmak,açtırmak
açval,açval
ad,ad
ad bilimi,ad bilimi
ad cümlesi,ad cümlesi
ad çekimi,ad çekimi
ad çekme,ad çekme
ad durumu,ad durumu
ad gövdesi,ad gövdesi
ad kökü,ad kökü
ad tamlaması,ad tamlaması
ad,ad
ada,ada
ada balığı,ada balığı
ada çayı,ada çayı
ada soğanı,ada soğanı
ada tavşanı,ada tavşanı
ada tepe,ada tepe
adabımuaşeret,adabımuaşeret
adacık,adacık
adacyo,adacyo
adak,adak
adaklama,adaklama
adaklamak,adaklamak
adaklanma,adaklanma
adaklanmak,adaklanmak
adaklı,adaklı
Adaklı,Adaklı
adaklık kurban,adaklık kurban
adaklık,adaklık
adaksız,adaksız
Adalar,Adalar
adale,adale
adaleli,adaleli
adalesiz,adalesiz
adalet,adalet
adalet divanı,adalet divanı
adalet kapısı,adalet kapısı
adalet mahkemesi,adalet mahkemesi
adalet örgütü,adalet örgütü
adalet sarayı,adalet sarayı
adaletli,adaletli
adaletlilik,adaletlilik
adaletsiz,adaletsiz
adaletsizlik,adaletsizlik
adalı,adalı
adam,adam
adam adama,adam adama
adam adama savunma,adam adama savunma
adam azmanı,adam azmanı
adam başına,adam başına
adam boyu,adam boyu
adam kıtlığında,adam kıtlığında
adam sarrafı,adam sarrafı
adam sendeci,adam sendeci
adam sendecilik,adam sendecilik
adam yokluğunda,adam yokluğunda
adama,adama
adamak,adamak
adamakıllı,adamakıllı
adamca,adamca
adamcağız,adamcağız
adamcasına,adamcasına
adamcık,adamcık
adamcıl,adamcıl
adamcıllık,adamcıllık
adamkökü,adamkökü
adamlık,adamlık
adamotu,adamotu
adamsız,adamsız
adamsızlık,adamsızlık
Adana,Adana
Adana kebabı,Adana kebabı
adanma,adanma
adanmak,adanmak
adap erkân,adap erkân
adap,adap
Adapazarı,Adapazarı
adaptasyon,adaptasyon
adapte,adapte
adaptör,adaptör
adaş,adaş
adaşlık,adaşlık
adatma,adatma
adatmak,adatmak
adavet,adavet
aday,aday
aday adayı,aday adayı
adayavrusu,adayavrusu
adaylık,adaylık
adcı,adcı
adcılık,adcılık
addan türeme fiil,addan türeme fiil
addedilme,addedilme
addedilmek,addedilmek
addetme,addetme
addetmek,addetmek
addolunma,addolunma
addolunmak,addolunmak
adedî,adedî
adedimürettep,adedimürettep
Âdem,Âdem
âdem,âdem
adem,adem
Âdem baba,Âdem baba
âdem evladı,âdem evladı
âdembaba,âdembaba
Âdemci,Âdemci
Âdemcilik,Âdemcilik
âdemelması,âdemelması
ademimerkeziyet,ademimerkeziyet
ademimerkeziyetçi,ademimerkeziyetçi
ademimerkeziyetçilik,ademimerkeziyetçilik
ademiyet,ademiyet
âdemiyet,âdemiyet
âdemoğlu,âdemoğlu
adenit,adenit
adese,adese
âdet,âdet
âdet edinmek,âdet edinmek
âdet etmek,âdet etmek
âdet olmak,âdet olmak
adet,adet
âdeta,âdeta
adetçe,adetçe
adezyon kuvveti,adezyon kuvveti
adı belirsiz,adı belirsiz
adı sanı,adı sanı
adı üstünde,adı üstünde
adıl,adıl
adım,adım
adım adım,adım adım
adımbaşı,adımbaşı
adımlama,adımlama
adımlamak,adımlamak
adımlık,adımlık
adımsayar,adımsayar
adına,adına
Adıyaman,Adıyaman
adıyla sanıyla,adıyla sanıyla
adi,adi
adi adım,adi adım
adi defter,adi defter
adi kesir,adi kesir
adi suçlu,adi suçlu
adil,adil
adilane,adilane
Adilcevaz,Adilcevaz
adileşme,adileşme
adileşmek,adileşmek
adileştirme,adileştirme
adileştirmek,adileştirmek
adilik,adilik
adillik,adillik
adisyon,adisyon
adlandırılma,adlandırılma
adlandırılmak,adlandırılmak
adlandırma,adlandırma
adlandırmak,adlandırmak
adlanma,adlanma
adlanmak,adlanmak
adlaşma,adlaşma
adlaşmak,adlaşmak
adlaştırma,adlaştırma
adlaştırmak,adlaştırmak
adlı,adlı
adlı sanlı,adlı sanlı
adli,adli
adli makam,adli makam
adli merci,adli merci
adli polis,adli polis
adli polislik,adli polislik
adli sicil,adli sicil
adli tabip,adli tabip
adli tabiplik,adli tabiplik
adli tatil,adli tatil
adli tıp,adli tıp
adli yıl,adli yıl
adli zabıta,adli zabıta
adliye,adliye
adliye mahkemesi,adliye mahkemesi
adliye teşkilatı,adliye teşkilatı
adliye vekâleti,adliye vekâleti
adliyeci,adliyeci
adliyecilik,adliyecilik
adrenalin,adrenalin
adres,adres
adres defteri,adres defteri
adres kartı,adres kartı
adres kitabı,adres kitabı
adres makinesi,adres makinesi
adres rehberi,adres rehberi
adsız,adsız
adsız parmak,adsız parmak
adsız sansız,adsız sansız
adsızlık,adsızlık
aerobik solunum,aerobik solunum
aerobik,aerobik
aerodinamik,aerodinamik
aeroloji,aeroloji
aerolojik,aerolojik
af,af
afacan,afacan
afacanlaşma,afacanlaşma
afacanlaşmak,afacanlaşmak
afacanlık,afacanlık
afak,afak
afaki,afaki
afakilik,afakilik
afal,afal
afallama,afallama
afallamak,afallamak
afallaşma,afallaşma
afallaşmak,afallaşmak
afallaştırma,afallaştırma
afallaştırmak,afallaştırmak
afallatma,afallatma
afallatmak,afallatmak
afat,afat
afazi,afazi
aferin,aferin
aferist,aferist
afet,afet
afet istasyonu,afet istasyonu
afetzede,afetzede
affedilme,affedilme
affedilmek,affedilmek
affetme,affetme
affetmek,affetmek
affettirme,affettirme
affettirmek,affettirmek
affettuoso,affettuoso
affeyleme,affeyleme
affeylemek,affeylemek
affolunma,affolunma
affolunmak,affolunmak
Afgan,Afgan
Afganistan,Afganistan
afi,afi
afif,afif
afife,afife
afili,afili
afis,afis
afiş,afiş
afişçi,afişçi
afişçilik,afişçilik
afişe,afişe
afişleme,afişleme
afişlemek,afişlemek
afiyet,afiyet
afiyet olsun,afiyet olsun
afoni,afoni
aforizm,aforizm
aforizma,aforizma
aforoz,aforoz
aforozlama,aforozlama
aforozlamak,aforozlamak
aforozlanma,aforozlanma
aforozlanmak,aforozlanmak
aforozlu,aforozlu
afra tafra,afra tafra
afralı tafralı,afralı tafralı
Afrika,Afrika
Afrika çekirgesi,Afrika çekirgesi
Afrika domuzu,Afrika domuzu
Afrika menekşesi,Afrika menekşesi
Afrikalı,Afrikalı
Afrikalılık,Afrikalılık
afsun,afsun
afsuncu,afsuncu
afsunculuk,afsunculuk
afsunlama,afsunlama
afsunlamak,afsunlamak
afsunlanma,afsunlanma
afsunlanmak,afsunlanmak
afsunlu,afsunlu
Afşar,Afşar
Afşin,Afşin
aft,aft
aftos,aftos
afur tafur,afur tafur
afyon,afyon
Afyon kaymağı,Afyon kaymağı
afyon ruhu,afyon ruhu
Afyonkarahisar,Afyonkarahisar
afyonkeş,afyonkeş
afyonkeşlik,afyonkeşlik
afyonlama,afyonlama
afyonlamak,afyonlamak
afyonlanma,afyonlanma
afyonlanmak,afyonlanmak
afyonlu,afyonlu
agâh,agâh
agami,agami
aganta,aganta
agaragar,agaragar
agel,agel
agitato,agitato
aglütinasyon,aglütinasyon
aglütinin,aglütinin
agnosi,agnosi
agnostik,agnostik
agnostisizm,agnostisizm
agnozi,agnozi
Agop,Agop
agora,agora
agorafobi,agorafobi
agraf,agraf
agrafi,agrafi
agrandisman,agrandisman
agrandisör,agrandisör
agrega,agrega
agreman,agreman
agresif,agresif
agresiflik,agresiflik
agronomi,agronomi
agu,agu
agucuk,agucuk
agulama,agulama
agulamak,agulamak
aguş,aguş
ağ,ağ
ağ iğnesi,ağ iğnesi
ağ ipliği,ağ ipliği
ağ kayığı,ağ kayığı
ağ kepçe,ağ kepçe
ağ kurdu,ağ kurdu
ağ kurşunu,ağ kurşunu
ağ mantarlar,ağ mantarlar
ağ tabaka,ağ tabaka
ağ tonoz,ağ tonoz
ağ torba,ağ torba
ağ yatak,ağ yatak
ağa,ağa
ağa kapısı,ağa kapısı
ağa yamağı,ağa yamağı
ağababa,ağababa
ağabey,ağabey
ağabeylik,ağabeylik
ağacımsı,ağacımsı
ağaç arısı,ağaç arısı
ağaç balı,ağaç balı
ağaç biti,ağaç biti
ağaç çileği,ağaç çileği
ağaç ebegümeci,ağaç ebegümeci
ağaç kaplama,ağaç kaplama
ağaç kavunu,ağaç kavunu
ağaç kurbağası,ağaç kurbağası
ağaç kurdu,ağaç kurdu
ağaç küpesi,ağaç küpesi
ağaç mantarı,ağaç mantarı
ağaç minesi,ağaç minesi
ağaç mobilya,ağaç mobilya
ağaç nemi,ağaç nemi
ağaç olmak,ağaç olmak
ağaç oyma,ağaç oyma
ağaç parkı,ağaç parkı
ağaç sakızı,ağaç sakızı
ağaç sansarı,ağaç sansarı
ağaç serçesi,ağaç serçesi
ağaç yılanı,ağaç yılanı
ağaç,ağaç
ağaççık,ağaççık
ağaççılık,ağaççılık
ağaçdelen,ağaçdelen
ağaçkakan,ağaçkakan
ağaçkesen,ağaçkesen
ağaçlama,ağaçlama
ağaçlamak,ağaçlamak
ağaçlandırılma,ağaçlandırılma
ağaçlandırılmak,ağaçlandırılmak
ağaçlandırma,ağaçlandırma
ağaçlandırmak,ağaçlandırmak
ağaçlanma,ağaçlanma
ağaçlanmak,ağaçlanmak
ağaçlaşma,ağaçlaşma
ağaçlaşmak,ağaçlaşmak
ağaçlı,ağaçlı
ağaçlık,ağaçlık
ağaçlıklı,ağaçlıklı
Ağaçören,Ağaçören
ağaçsı,ağaçsı
ağaçsız,ağaçsız
ağaçsızlık,ağaçsızlık
ağalanma,ağalanma
ağalanmak,ağalanmak
ağalık,ağalık
ağarık,ağarık
ağarma,ağarma
ağarmak,ağarmak
ağartı,ağartı
ağartılma,ağartılma
ağartılmak,ağartılmak
ağartma,ağartma
ağartmak,ağartmak
ağbenek,ağbenek
ağbeneklilik,ağbeneklilik
ağcı,ağcı
ağcık,ağcık
ağcılık,ağcılık
ağda,ağda
ağdacı,ağdacı
ağdacılık,ağdacılık
ağdalanma,ağdalanma
ağdalanmak,ağdalanmak
ağdalaşma,ağdalaşma
ağdalaşmak,ağdalaşmak
ağdalaştırma,ağdalaştırma
ağdalaştırmak,ağdalaştırmak
ağdalı,ağdalı
ağdalık,ağdalık
ağdalılık,ağdalılık
ağdırma,ağdırma
ağdırmak,ağdırmak
ağı,ağı
ağı ağacı,ağı ağacı
ağı çiçeği,ağı çiçeği
ağı otu,ağı otu
ağıl,ağıl
ağılama,ağılama
ağılamak,ağılamak
ağılandırma,ağılandırma
ağılandırmak,ağılandırmak
ağılanma,ağılanma
ağılanmak,ağılanmak
ağılaşma,ağılaşma
ağılaşmak,ağılaşmak
ağılı,ağılı
ağılı böcek,ağılı böcek
ağıllanma,ağıllanma
ağıllanmak,ağıllanmak
ağım,ağım
ağımlı,ağımlı
Ağın,Ağın
ağınma,ağınma
ağınmak,ağınmak
ağır,ağır
ağır ağır,ağır ağır
ağır aksak,ağır aksak
ağır araç,ağır araç
ağır ceza,ağır ceza
ağır ezgi,ağır ezgi
ağır hapis cezası,ağır hapis cezası
ağır hasta,ağır hasta
ağır hastalık,ağır hastalık
ağır hava,ağır hava
ağır hidrojen,ağır hidrojen
ağır iş,ağır iş
ağır kayıp,ağır kayıp
ağır kusur,ağır kusur
ağır küre,ağır küre
ağır makineli,ağır makineli
ağır para cezası,ağır para cezası
ağır sanayi,ağır sanayi
ağır sıklet,ağır sıklet
ağır söz,ağır söz
ağır su,ağır su
ağır uyku,ağır uyku
ağır vasıta,ağır vasıta
ağır vasıta ehliyeti,ağır vasıta ehliyeti
ağır yağ,ağır yağ
ağır yaralı,ağır yaralı
ağırayak,ağırayak
ağırbaşlı,ağırbaşlı
ağırbaşlılık,ağırbaşlılık
ağırca,ağırca
ağırcanlı,ağırcanlı
ağırcanlılık,ağırcanlılık
ağırelli,ağırelli
ağırellilik,ağırellilik
ağırkanlı,ağırkanlı
ağırkanlılık,ağırkanlılık
ağırlama,ağırlama
ağırlamak,ağırlamak
ağırlanma,ağırlanma
ağırlanmak,ağırlanmak
ağırlaşma,ağırlaşma
ağırlaşmak,ağırlaşmak
ağırlaştırma,ağırlaştırma
ağırlaştırmak,ağırlaştırmak
ağırlatma,ağırlatma
ağırlatmak,ağırlatmak
ağırlık merkezi,ağırlık merkezi
ağırlık,ağırlık
ağırlıklı,ağırlıklı
ağırsama,ağırsama
ağırsamak,ağırsamak
ağırşak,ağırşak
ağırşaklanma,ağırşaklanma
ağırşaklanmak,ağırşaklanmak
ağırtop,ağırtop
ağış,ağış
ağıt,ağıt
ağıtçı,ağıtçı
ağıtçılık,ağıtçılık
ağıtlama,ağıtlama
ağız,ağız
ağız ağıza,ağız ağıza
ağız alışkanlığı,ağız alışkanlığı
ağız birliği,ağız birliği
ağız dalaşı,ağız dalaşı
ağız değişikliği,ağız değişikliği
ağız dolusu,ağız dolusu
ağız kâhyası,ağız kâhyası
ağız kalabalığı,ağız kalabalığı
ağız kavafı,ağız kavafı
ağız kavgası,ağız kavgası
ağız kokusu,ağız kokusu
ağız nişanı,ağız nişanı
ağız şakası,ağız şakası
ağız tadı,ağız tadı
ağız tatsızlığı,ağız tatsızlığı
ağız tüfeği,ağız tüfeği
ağız tütünü,ağız tütünü
ağız ünlüsü,ağız ünlüsü
ağız ünsüzü,ağız ünsüzü
ağız,ağız
ağızcıl,ağızcıl
ağızdan,ağızdan
ağızdan ağıza,ağızdan ağıza
ağızdan dolma,ağızdan dolma
ağızlama,ağızlama
ağızlamak,ağızlamak
ağızlaşma,ağızlaşma
ağızlaşmak,ağızlaşmak
ağızlı,ağızlı
ağızlık,ağızlık
ağızlıkçı,ağızlıkçı
ağızlıkçılık,ağızlıkçılık
ağızotu,ağızotu
ağızsıl,ağızsıl
ağızsıl ünlü,ağızsıl ünlü
ağızsız,ağızsız
ağlama,ağlama
ağlamak,ağlamak
ağlamaklı,ağlamaklı
ağlamalı,ağlamalı
ağlamsı,ağlamsı
ağlanma,ağlanma
ağlanmak,ağlanmak
ağlantı,ağlantı
Ağlasun,Ağlasun
ağlaşma,ağlaşma
ağlaşmak,ağlaşmak
ağlatı,ağlatı
ağlatıcı,ağlatıcı
ağlatış,ağlatış
ağlatma,ağlatma
ağlatmak,ağlatmak
ağlayıcı,ağlayıcı
ağlayıcılık,ağlayıcılık
ağlayış,ağlayış
ağlı,ağlı
Ağlı,Ağlı
ağma,ağma
ağmak,ağmak
ağnam,ağnam
ağnama,ağnama
ağnamak,ağnamak
ağnamcı,ağnamcı
ağraz,ağraz
ağrı,ağrı
Ağrı,Ağrı
ağrı kesici,ağrı kesici
ağrı kesimi,ağrı kesimi
ağrı sızı,ağrı sızı
ağrıkesen,ağrıkesen
ağrılı,ağrılı
ağrıma,ağrıma
ağrıma asalakları,ağrıma asalakları
ağrımak,ağrımak
ağrısız,ağrısız
ağrısızlık,ağrısızlık
ağrıtma,ağrıtma
ağrıtmak,ağrıtmak
ağsı,ağsı
ağustos,ağustos
ağustos böceği,ağustos böceği
ağustos böcekleri,ağustos böcekleri
ağyar,ağyar
ağzı açık,ağzı açık
ağzı açıklık,ağzı açıklık
ağzı bir,ağzı bir
ağzı bozuk,ağzı bozuk
ağzı bozukluk,ağzı bozukluk
ağzı büyük,ağzı büyük
ağzı gevşek,ağzı gevşek
ağzı gevşeklik,ağzı gevşeklik
ağzı havada,ağzı havada
ağzı kalabalık,ağzı kalabalık
ağzı kara,ağzı kara
ağzı kenetli,ağzı kenetli
ağzı kilitli,ağzı kilitli
ağzı kulaklarında,ağzı kulaklarında
ağzı pek,ağzı pek
ağzı pis,ağzı pis
ağzı sıkı,ağzı sıkı
ağzı sıkılık,ağzı sıkılık
ağzına kadar,ağzına kadar
ah,ah
ah etmek,ah etmek
ah vah,ah vah
aha,aha
ahacık,ahacık
ahali,ahali
ahar,ahar
aharlama,aharlama
aharlamak,aharlamak
aharlı,aharlı
ahbap çavuş ilişkisi,ahbap çavuş ilişkisi
ahbap çavuşlar,ahbap çavuşlar
ahbap olmak,ahbap olmak
ahbap,ahbap
ahbapça,ahbapça
ahbaplık etmek,ahbaplık etmek
ahbaplık,ahbaplık
ahcar,ahcar
ahdetme,ahdetme
ahdetmek,ahdetmek
ahdî,ahdî
Ahd-i Atik,Ahd-i Atik
Ahd-i Cedit,Ahd-i Cedit
ahenk kaidesi,ahenk kaidesi
ahenk tahtası,ahenk tahtası
ahenk,ahenk
ahenkleştirme,ahenkleştirme
ahenkleştirmek,ahenkleştirmek
ahenkli,ahenkli
ahenklilik,ahenklilik
ahenksiz,ahenksiz
ahenksizlik,ahenksizlik
ahenktar,ahenktar
aheste,aheste
aheste aheste,aheste aheste
aheste beste,aheste beste
ahestelik,ahestelik
ahfat,ahfat
Ahfeş,Ahfeş
ahım şahım,ahım şahım
ahır,ahır
ahırlama,ahırlama
ahırlamak,ahırlamak
Ahırlı,Ahırlı
Ahıska Türkleri,Ahıska Türkleri
Ahi,Ahi
ahi,ahi
ahilik,ahilik
Ahilik,Ahilik
ahir,ahir
ahir vakit,ahir vakit
ahir zaman,ahir zaman
ahir zaman peygamberi,ahir zaman peygamberi
ahiren,ahiren
ahiret,ahiret
ahiret adamı,ahiret adamı
ahiret kardeşi,ahiret kardeşi
ahiret suali,ahiret suali
ahiret yolculuğu,ahiret yolculuğu
ahiretlik,ahiretlik
ahit,ahit
ahitleşme,ahitleşme
ahitleşmek,ahitleşmek
ahitname,ahitname
ahiz,ahiz
ahize,ahize
ahkâm,ahkâm
ahlaf,ahlaf
ahlak,ahlak
ahlak bilimi,ahlak bilimi
ahlak dışı,ahlak dışı
ahlak dışıcılık,ahlak dışıcılık
ahlak yasası,ahlak yasası
ahlak zabıtası,ahlak zabıtası
ahlakça,ahlakça
ahlakçı,ahlakçı
ahlakçılık,ahlakçılık
ahlaken,ahlaken
ahlaki,ahlaki
ahlaki vazife,ahlaki vazife
ahlakiyat,ahlakiyat
ahlaklı,ahlaklı
ahlaklılık,ahlaklılık
ahlaksız,ahlaksız
ahlaksızca,ahlaksızca
ahlaksızlık,ahlaksızlık
ahlama,ahlama
ahlamak,ahlamak
ahlat,ahlat
Ahlat,Ahlat
ahlatıerbaa,ahlatıerbaa
ahmak,ahmak
ahmakça,ahmakça
ahmakıslatan,ahmakıslatan
ahmaklaşma,ahmaklaşma
ahmaklaşmak,ahmaklaşmak
ahmaklaştırma,ahmaklaştırma
ahmaklaştırmak,ahmaklaştırmak
ahmaklık,ahmaklık
Ahmetli,Ahmetli
ahraz,ahraz
ahretlik,ahretlik
ahşa,ahşa
ahşap,ahşap
ahtapot,ahtapot
ahu,ahu
ahu gözlü,ahu gözlü
ahu parçası,ahu parçası
ahududu,ahududu
ahuvah,ahuvah
ahval,ahval
ahzetme,ahzetme
ahzetmek,ahzetmek
ahzüita,ahzüita
ahzükabz,ahzükabz
aidat,aidat
aidiyet,aidiyet
aidiyet eki,aidiyet eki
aile,aile
aile adı,aile adı
aile bahçesi,aile bahçesi
aile bütçesi,aile bütçesi
aile doktoru,aile doktoru
aile dostu,aile dostu
aile gazinosu,aile gazinosu
aile hayatı,aile hayatı
aile hekimi,aile hekimi
aile hekimliği,aile hekimliği
aile hukuku,aile hukuku
aile meclisi,aile meclisi
aile ocağı,aile ocağı
aile planlaması,aile planlaması
aile reisi,aile reisi
aile saadeti,aile saadeti
ailece,ailece
ailecek,ailecek
ailelik,ailelik
ailesiz,ailesiz
ailevi,ailevi
ait,ait
ait olmak,ait olmak
ajan,ajan
ajan provokatör,ajan provokatör
ajanda,ajanda
ajanlık,ajanlık
ajans,ajans
ajitasyon,ajitasyon
ajitatör,ajitatör
ajite,ajite
ajur,ajur
ajurlu,ajurlu
ak,ak
ak ağa,ak ağa
ak benek,ak benek
ak demir,ak demir
ak gözlü,ak gözlü
ak kan,ak kan
ak kan yangısı,ak kan yangısı
ak madde,ak madde
ak pak,ak pak
ak sülümen,ak sülümen
ak yazılı,ak yazılı
ak yel,ak yel
ak yem,ak yem
Ak Yıldız,Ak Yıldız
aka,aka
akabe,akabe
akabinde,akabinde
akaç,akaç
akaçlama,akaçlama
akaçlamak,akaçlamak
akaçlatma,akaçlatma
akaçlatmak,akaçlatmak
akademi,akademi
akademici,akademici
akademicilik,akademicilik
akademik,akademik
akademisyen,akademisyen
akağaç,akağaç
akait,akait
akaju,akaju
akak,akak
akala,akala
akamber,akamber
akamet,akamet
akan yıldız,akan yıldız
akar,akar
akar amber,akar amber
akarca,akarca
akaret,akaret
akarlar,akarlar
akarsu,akarsu
akaryakıt,akaryakıt
akaryakıt istasyonu,akaryakıt istasyonu
akaryakıtçı,akaryakıtçı
akaryakıtçılık,akaryakıtçılık
akasma,akasma
akasya,akasya
akbaba,akbaba
akbabagiller,akbabagiller
akbakla,akbakla
akbalık,akbalık
akbalıkçıl,akbalıkçıl
akbasma,akbasma
akbaş,akbaş
akbuğday,akbuğday
akburçak,akburçak
akciğer,akciğer
akciğer göbeği,akciğer göbeği
akciğer kesecikleri,akciğer kesecikleri
akciğer lopçuğu,akciğer lopçuğu
akciğer peteği,akciğer peteği
akciğer zarı,akciğer zarı
akciğerliler,akciğerliler
akça,akça
akça armudu,akça armudu
akça pakça,akça pakça
akça yel,akça yel
Akçaabat,Akçaabat
akçaağaç,akçaağaç
akçaağaçgiller,akçaağaçgiller
Akçadağ,Akçadağ
Akçakale,Akçakale
akçakavak,akçakavak
Akçakent,Akçakent
akçakesme,akçakesme
Akçakoca,Akçakoca
akçasal,akçasal
akçe,akçe
akçeli,akçeli
akçıl,akçıl
akçıllanma,akçıllanma
akçıllanmak,akçıllanmak
akçıllaşma,akçıllaşma
akçıllaşmak,akçıllaşmak
akçıllık,akçıllık
akçöpleme,akçöpleme
Akdağmadeni,Akdağmadeni
akdarı,akdarı
akdedilme,akdedilme
akdedilmek,akdedilmek
Akdeniz,Akdeniz
Akdeniz humması,Akdeniz humması
Akdeniz mavisi,Akdeniz mavisi
akdetme,akdetme
akdetmek,akdetmek
akdiken,akdiken
akdoğan,akdoğan
akdut,akdut
akemi,akemi
akgünlük,akgünlük
akhardal,akhardal
Akhisar,Akhisar
akı,akı
akıbet,akıbet
akıcı,akıcı
akıcı ünsüz,akıcı ünsüz
akıcılık ölçeği,akıcılık ölçeği
akıcılık,akıcılık
akıl defteri,akıl defteri
akıl dışı,akıl dışı
akıl dışıcılık,akıl dışıcılık
akıl dişi,akıl dişi
akıl doktoru,akıl doktoru
akıl hastanesi,akıl hastanesi
akıl hastası,akıl hastası
akıl hocası,akıl hocası
akıl kârı,akıl kârı
akıl kethüdası,akıl kethüdası
akıl kumkuması,akıl kumkuması
akıl kutusu,akıl kutusu
akıl zayıflığı,akıl zayıflığı
akıl,akıl
akılcı,akılcı
akılcılık,akılcılık
akıllandırma,akıllandırma
akıllandırmak,akıllandırmak
akıllanma,akıllanma
akıllanmak,akıllanmak
akıllara seza,akıllara seza
akıllara zarar,akıllara zarar
akıllara ziyan,akıllara ziyan
akıllı,akıllı
akıllı uslu,akıllı uslu
akıllıca,akıllıca
akıllılık,akıllılık
akılsal,akılsal
akılsallaştırma,akılsallaştırma
akılsallaştırmak,akılsallaştırmak
akılsız,akılsız
akılsızlık,akılsızlık
akım,akım
akım ölçümü,akım ölçümü
akımcı,akımcı
akımölçer,akımölçer
akımtoplar,akımtoplar
akın,akın
akın akın,akın akın
akıncı,akıncı
Akıncılar,Akıncılar
akıncılık,akıncılık
akındırık,akındırık
akınkayası,akınkayası
akıntı,akıntı
akıntı bilimi,akıntı bilimi
akıntı çağanozu,akıntı çağanozu
akıntılı,akıntılı
akıntıölçer,akıntıölçer
akıntısız,akıntısız
akış,akış
akışkan,akışkan
akışkanlaşma,akışkanlaşma
akışkanlaşmak,akışkanlaşmak
akışkanlaştırıcı,akışkanlaştırıcı
akışkanlaştırıcılık,akışkanlaştırıcılık
akışkanlaştırma,akışkanlaştırma
akışkanlaştırmak,akışkanlaştırmak
akışkanlık,akışkanlık
akışma,akışma
akışmalı,akışmalı
akışmasız,akışmasız
akışmaz,akışmaz
akışmazlık,akışmazlık
akıtma,akıtma
akıtmak,akıtmak
akıtmalı,akıtmalı
akide,akide
akide şekeri,akide şekeri
akidesi bozuk,akidesi bozuk
akik,akik
akil,akil
akil baliğ,akil baliğ
akilane,akilane
akim,akim
akis,akis
akit vaadi,akit vaadi
âkit,âkit
akit,akit
akkaraman,akkaraman
akkarınca,akkarınca
akkarıncalar,akkarıncalar
akkavak,akkavak
akkefal,akkefal
akkelebek,akkelebek
Akkışla,Akkışla
akkor,akkor
akkorluk,akkorluk
Akköy,Akköy
akkuş,akkuş
Akkuş,Akkuş
akkuyruk,akkuyruk
akla yakın,akla yakın
akla yakınlık,akla yakınlık
akla yatkın,akla yatkın
akla yatkınlık,akla yatkınlık
akla zarar,akla zarar
akla ziyan,akla ziyan
aklama,aklama
aklama belgesi,aklama belgesi
aklamak,aklamak
aklan,aklan
aklanma,aklanma
aklanmak,aklanmak
aklaşma,aklaşma
aklaşmak,aklaşmak
aklaştırma,aklaştırma
aklaştırmak,aklaştırmak
aklen,aklen
aklevrek,aklevrek
aklı,aklı
aklı başında,aklı başında
aklı karalı,aklı karalı
aklı sıra,aklı sıra
aklı tam ayar,aklı tam ayar
aklıevvel,aklıevvel
aklıevvellik,aklıevvellik
aklık,aklık
aklınca,aklınca
aklıselim,aklıselim
aklıselimlik,aklıselimlik
akli,akli
akliyat,akliyat
akliye,akliye
akliyeci,akliyeci
akliyecilik,akliyecilik
akma,akma
akma hançer,akma hançer
akma sınırı,akma sınırı
akmak,akmak
akman,akman
akmantar,akmantar
akmaz,akmaz
akne,akne
akompanyatör,akompanyatör
akonitin,akonitin
akont,akont
akor,akor
akordeon,akordeon
akordeoncu,akordeoncu
akordiyon,akordiyon
akordiyoncu,akordiyoncu
akordu bozuk,akordu bozuk
akort etmek,akort etmek
akort,akort
akortçu,akortçu
akortlama,akortlama
akortlamak,akortlamak
akortlanma,akortlanma
akortlanmak,akortlanmak
akortlatma,akortlatma
akortlatmak,akortlatmak
akortlu,akortlu
akortsuz,akortsuz
akortsuzlaşma,akortsuzlaşma
akortsuzlaşmak,akortsuzlaşmak
akortsuzlaştırma,akortsuzlaştırma
akortsuzlaştırmak,akortsuzlaştırmak
akortsuzluk,akortsuzluk
Akören,Akören
akpas,akpas
akpelin,akpelin
Akpınar,Akpınar
akraba,akraba
akraba diller,akraba diller
akrabalık,akrabalık
akran,akran
akranlık,akranlık
akreditasyon,akreditasyon
akreditif,akreditif
Akrep,Akrep
akrep,akrep
akrepler,akrepler
akrobasi,akrobasi
akrobat,akrobat
akrobatlık,akrobatlık
akromatik iğ iplik,akromatik iğ iplik
akromatik,akromatik
akromatin,akromatin
akromatopsi,akromatopsi
akromegali,akromegali
akronim,akronim
akropol,akropol
akrostiş,akrostiş
aks,aks
aksak,aksak
aksakal,aksakal
aksaklık,aksaklık
aksam,aksam
aksama,aksama
aksamak,aksamak
aksan,aksan
aksanı bozuk,aksanı bozuk
Aksaray,Aksaray
aksata,aksata
aksatış,aksatış
aksatma,aksatma
aksatmak,aksatmak
aksayış,aksayış
akse,akse
aksedir,aksedir
Akseki,Akseki
akselerograf,akselerograf
akselerometre,akselerometre
akseptans,akseptans
aksesuar,aksesuar
aksesuarcı,aksesuarcı
aksesuarcılık,aksesuarcılık
aksetme,aksetme
aksetmek,aksetmek
aksettirme,aksettirme
aksettirmek,aksettirmek
aksırık,aksırık
aksırıklı,aksırıklı
aksırıklı tıksırıklı,aksırıklı tıksırıklı
aksırış,aksırış
aksırma,aksırma
aksırmak,aksırmak
aksırtma,aksırtma
aksırtmak,aksırtmak
aksi,aksi
aksi aksi,aksi aksi
aksilenme,aksilenme
aksilenmek,aksilenmek
aksileşme,aksileşme
aksileşmek,aksileşmek
aksilik etmek,aksilik etmek
aksilik,aksilik
aksine,aksine
aksiseda,aksiseda
aksiyom,aksiyom
aksiyon,aksiyon
aksiyoner,aksiyoner
aksoğan,aksoğan
akson,akson
aksona,aksona
aksöğüt,aksöğüt
aksu,aksu
Aksu,Aksu
aksungur,aksungur
aksülamel,aksülamel
akşam,akşam
akşam azadı,akşam azadı
akşam ezanı,akşam ezanı
akşam gazetesi,akşam gazetesi
akşam güneşi,akşam güneşi
akşam karanlığı,akşam karanlığı
akşam namazı,akşam namazı
akşam pazarı,akşam pazarı
akşam piyasası,akşam piyasası
akşam saati,akşam saati
akşam simidi,akşam simidi
akşam vakti,akşam vakti
akşam yeli,akşam yeli
Akşam Yıldızı,Akşam Yıldızı
akşama doğru,akşama doğru
akşama kadar,akşama kadar
akşama sabaha,akşama sabaha
akşamcı,akşamcı
akşamcılık,akşamcılık
akşamdan,akşamdan
akşamdan akşama,akşamdan akşama
akşamki,akşamki
akşamlama,akşamlama
akşamlamak,akşamlamak
akşamları,akşamları
akşamlatma,akşamlatma
akşamlatmak,akşamlatmak
akşamleyin,akşamleyin
akşamlı sabahlı,akşamlı sabahlı
akşamlık sabahlık,akşamlık sabahlık
akşamlık,akşamlık
akşamsefası,akşamsefası
akşamüstü,akşamüstü
akşamüzeri,akşamüzeri
Akşehir,Akşehir
akşın,akşın
akşınlık,akşınlık
aktar,aktar
aktarıcı,aktarıcı
aktarıcılık,aktarıcılık
aktarılma,aktarılma
aktarılmak,aktarılmak
aktarım,aktarım
aktarış,aktarış
aktariye,aktariye
aktarlık,aktarlık
aktarma,aktarma
aktarmacı,aktarmacı
aktarmacılık,aktarmacılık
aktarmak,aktarmak
aktarmalı,aktarmalı
aktarmasız,aktarmasız
aktartma,aktartma
aktartmak,aktartmak
aktavşan,aktavşan
aktif,aktif
aktif fiil,aktif fiil
aktif metot,aktif metot
aktif taşıma,aktif taşıma
aktifleşme,aktifleşme
aktifleşmek,aktifleşmek
aktifleştirme,aktifleştirme
aktifleştirmek,aktifleştirmek
aktiflik,aktiflik
aktinit,aktinit
aktinoloji,aktinoloji
aktinolojik,aktinolojik
aktinyum,aktinyum
aktinyumlu,aktinyumlu
aktivite,aktivite
aktivizm,aktivizm
aktör,aktör
aktöre,aktöre
aktörlük,aktörlük
aktris,aktris
aktutma,aktutma
aktüalite,aktüalite
aktüalizm,aktüalizm
aktüel,aktüel
aktüelleşme,aktüelleşme
aktüelleşmek,aktüelleşmek
aktüelleştirme,aktüelleştirme
aktüelleştirmek,aktüelleştirmek
aktüellik,aktüellik
aktüer,aktüer
aktüeryal,aktüeryal
akupunktur,akupunktur
akur,akur
akustik,akustik
akut,akut
akuzatif,akuzatif
akü,akü
akümülatör,akümülatör
akva,akva
akvam,akvam
akvarel,akvarel
akvaryum,akvaryum
akvaryumcu,akvaryumcu
akvaryumculuk,akvaryumculuk
akya balığı,akya balığı
Akyaka,Akyaka
Akyazı,Akyazı
Akyurt,Akyurt
akyuvar,akyuvar
akzambak,akzambak
al,al
al bayrak,al bayrak
al sancak,al sancak
ala,ala
âlâ,âlâ
ala ala,ala ala
ala gün,ala gün
ala sulu,ala sulu
alabacak,alabacak
alabalık,alabalık
alabalıkgiller,alabalıkgiller
alabanda,alabanda
alabanda ateş,alabanda ateş
alabaş,alabaş
alabildiğine,alabildiğine
alabora,alabora
alabros,alabros
alaca,alaca
Alaca,Alaca
alaca aş,alaca aş
alaca bulaca,alaca bulaca
alaca karanlık,alaca karanlık
alacabalıkçıl,alacabalıkçıl
alacak verecek,alacak verecek
alacak,alacak
alacakarga,alacakarga
Alacakaya,Alacakaya
alacaklandırıcı,alacaklandırıcı
alacaklandırma,alacaklandırma
alacaklandırmak,alacaklandırmak
alacaklı,alacaklı
alacaklılık,alacaklılık
alacalama,alacalama
alacalamak,alacalamak
alacalandırma,alacalandırma
alacalandırmak,alacalandırmak
alacalanma,alacalanma
alacalanmak,alacalanmak
alacalı,alacalı
alacalı bulacalı,alacalı bulacalı
alacalık,alacalık
alacamenekşe,alacamenekşe
alacasansar,alacasansar
alaçam,alaçam
Alaçam,Alaçam
alaçık,alaçık
Aladağ,Aladağ
alafranga,alafranga
alafranga müzik,alafranga müzik
alafranga saat,alafranga saat
alafranga tuvalet,alafranga tuvalet
alafrangacı,alafrangacı
alafrangacılık,alafrangacılık
alafrangalaşma,alafrangalaşma
alafrangalaşmak,alafrangalaşmak
alafrangalaştırma,alafrangalaştırma
alafrangalaştırmak,alafrangalaştırmak
alafrangalık,alafrangalık
alagarson,alagarson
alageyik,alageyik
alaimisema,alaimisema
alaka,alaka
alakadar,alakadar
alakadarlık,alakadarlık
alakalandırma,alakalandırma
alakalandırmak,alakalandırmak
alakalanma,alakalanma
alakalanmak,alakalanmak
alakalı,alakalı
alakarga,alakarga
alakart,alakart
alakasız,alakasız
alakasızlık,alakasızlık
alakok,alakok
alalama,alalama
alalamak,alalamak
alamana,alamana
alamana ağı,alamana ağı
alamerikan,alamerikan
alamet,alamet
alametifarika,alametifarika
alametifarikalı,alametifarikalı
alaminüt,alaminüt
alaminüt yemek,alaminüt yemek
alan,alan
alan araştırması,alan araştırması
alan hızı,alan hızı
alan korkusu,alan korkusu
alan talan,alan talan
alan topu,alan topu
Alanya,Alanya
Alaplı,Alaplı
alarga,alarga
alarm,alarm
alarma,alarma
alarmak,alarmak
Alaşehir,Alaşehir
alaşım,alaşım
alaşımlama,alaşımlama
alaşımlamak,alaşımlamak
alatav,alatav
alatavlı,alatavlı
alaten,alaten
alaturka,alaturka
alaturka müzik,alaturka müzik
alaturka saat,alaturka saat
alaturka tuvalet,alaturka tuvalet
alaturkacı,alaturkacı
alaturkacılık,alaturkacılık
alaturkalaşma,alaturkalaşma
alaturkalaşmak,alaturkalaşmak
alaturkalaştırma,alaturkalaştırma
alaturkalaştırmak,alaturkalaştırmak
alaturkalık,alaturkalık
alavere,alavere
alavere dalavere,alavere dalavere
alavere tulumbası,alavere tulumbası
alavereci,alavereci
alay,alay
alay alay,alay alay
alay beyi,alay beyi
alaybozan,alaybozan
alaycı,alaycı
alaycılık,alaycılık
alayiş,alayiş
alayişli,alayişli
alaylı,alaylı
alaylılık,alaylılık
alaysı,alaysı
Alayuntlu,Alayuntlu
alaz,alaz
alaz alaz,alaz alaz
alaza,alaza
alazlama,alazlama
alazlamak,alazlamak
alazlanma,alazlanma
alazlanmak,alazlanmak
albasma,albasma
albastı,albastı
albatr,albatr
albatros,albatros
albay,albay
albaylık,albaylık
albeni,albeni
albenili,albenili
albenisiz,albenisiz
albinos,albinos
albüm,albüm
albümin,albümin
albümin işeme,albümin işeme
albüminli,albüminli
alçacık,alçacık
alçak basınç,alçak basınç
alçak gerilim,alçak gerilim
alçak gönüllü,alçak gönüllü
alçak gönüllülük,alçak gönüllülük
alçak kabartma,alçak kabartma
alçak kavuşum,alçak kavuşum
alçak ses,alçak ses
alçak yaylak,alçak yaylak
alçak,alçak
alçakça,alçakça
alçaklaşma,alçaklaşma
alçaklaşmak,alçaklaşmak
alçaklaştırma,alçaklaştırma
alçaklaştırmak,alçaklaştırmak
alçaklık,alçaklık
alçalış,alçalış
alçalma,alçalma
alçalmak,alçalmak
alçaltı,alçaltı
alçaltıcı,alçaltıcı
alçaltış,alçaltış
alçaltma,alçaltma
alçaltmak,alçaltmak
alçarak,alçarak
alçı,alçı
alçı kalıp,alçı kalıp
alçı levha,alçı levha
alçı taşı,alçı taşı
alçıcı,alçıcı
alçılama,alçılama
alçılamak,alçılamak
alçılanma,alçılanma
alçılanmak,alçılanmak
alçılatma,alçılatma
alçılatmak,alçılatmak
alçılı,alçılı
alçıpan,alçıpan
aldanç,aldanç
aldangıç,aldangıç
aldanış,aldanış
aldanma,aldanma
aldanmak,aldanmak
aldatıcı,aldatıcı
aldatıcılık,aldatıcılık
aldatılma,aldatılma
aldatılmak,aldatılmak
aldatış,aldatış
aldatma,aldatma
aldatmaca,aldatmaca
aldatmak,aldatmak
aldehit,aldehit
aldırış,aldırış
aldırışsız,aldırışsız
aldırışsızlık,aldırışsızlık
aldırma,aldırma
aldırmak,aldırmak
aldırmaz,aldırmaz
aldırmazlık,aldırmazlık
aldırtma,aldırtma
aldırtmak,aldırtmak
alegori,alegori
alegorik,alegorik
aleksi,aleksi
alelacayip,alelacayip
alelacele,alelacele
alelade,alelade
aleladelik,aleladelik
alelhesap,alelhesap
alelhusus,alelhusus
alelıtlak,alelıtlak
alelumum,alelumum
alelusul,alelusul
alem,alem
âlem,âlem
alemci,alemci
âlemci,âlemci
alemcilik,alemcilik
âlemcilik,âlemcilik
alemdar,alemdar
âlemşümul,âlemşümul
alenen,alenen
alengir,alengir
alengirli,alengirli
aleni,aleni
aleni tadat,aleni tadat
alenileşme,alenileşme
alenileşmek,alenileşmek
aleniyet,aleniyet
alerjen,alerjen
alerji,alerji
alerjik,alerjik
alerjili,alerjili
alerjisiz,alerjisiz
alessabah,alessabah
alesta,alesta
alet,alet
alet edevat,alet edevat
alet etmek,alet etmek
alet olmak,alet olmak
aletli,aletli
aletli jimnastik,aletli jimnastik
alev,alev
alev alev,alev alev
alev kırmızısı,alev kırmızısı
alev lambası,alev lambası
alev makinesi,alev makinesi
Alevi,Alevi
Alevilik,Alevilik
alevlendirme,alevlendirme
alevlendirmek,alevlendirmek
alevlenme,alevlenme
alevlenmek,alevlenmek
alevli,alevli
alevsiz,alevsiz
aleyh,aleyh
aleyhtar,aleyhtar
aleyhtarlık,aleyhtarlık
aleykümselam,aleykümselam
alfa,alfa
alfa ışınları,alfa ışınları
alfabe,alfabe
alfabe dışı,alfabe dışı
alfabe sırası,alfabe sırası
alfabetik katalog,alfabetik katalog
alfabetik sıralama,alfabetik sıralama
alfabetik,alfabetik
alfaterapi,alfaterapi
alfenit,alfenit
alg,alg
algarina,algarina
algı,algı
algı bıçağı,algı bıçağı
algılama,algılama
algılamak,algılamak
algılanma,algılanma
algılanmak,algılanmak
algılatma,algılatma
algılatmak,algılatmak
algılayıcı,algılayıcı
algılayıcılık,algılayıcılık
algın,algın
algler,algler
algoritma,algoritma
alıcı,alıcı
alıcı kuş,alıcı kuş
alıcı ödemeli,alıcı ödemeli
alıcı verici,alıcı verici
alıcı yönetmeni,alıcı yönetmeni
alıcılık,alıcılık
alıç,alıç
alık salık,alık salık
alık,alık
alıklaşma,alıklaşma
alıklaşmak,alıklaşmak
alıklaştırma,alıklaştırma
alıklaştırmak,alıklaştırmak
alıklık,alıklık
alıkonulma,alıkonulma
alıkonulmak,alıkonulmak
alıkoyma,alıkoyma
alıkoymak,alıkoymak
alım,alım
alım çalım,alım çalım
alım satım,alım satım
alım satım bürosu,alım satım bürosu
alım satım ofisi,alım satım ofisi
alımcı,alımcı
alımlı,alımlı
alımlı çalımlı,alımlı çalımlı
alımlılık,alımlılık
alın çatısı,alın çatısı
alın teri,alın teri
alın yazısı,alın yazısı
alın,alın
alındı,alındı
alındılı,alındılı
alıngan,alıngan
alınganlık,alınganlık
alınlık,alınlık
alınma,alınma
alınmak,alınmak
alıntı,alıntı
alıntılama,alıntılama
alıntılamak,alıntılamak
alırlık,alırlık
alış,alış
alış fiyatı,alış fiyatı
alışık olmak,alışık olmak
alışık,alışık
alışıklık,alışıklık
alışılma,alışılma
alışılmak,alışılmak
alışılmamış,alışılmamış
alışılmamışlık,alışılmamışlık
alışılmış,alışılmış
alışılmışlık,alışılmışlık
alışkan,alışkan
alışkanlık,alışkanlık
alışkı,alışkı
alışkın,alışkın
alışkınlık,alışkınlık
alışma,alışma
alışmak,alışmak
alıştırma,alıştırma
alıştırmak,alıştırmak
alışveriş,alışveriş
alışveriş sigortası,alışveriş sigortası
Ali,Ali
ali,ali
Aliağa,Aliağa
alicenap,alicenap
alicenaplık,alicenaplık
alifatik,alifatik
alil,alil
âlim,âlim
alim,alim
alimallah,alimallah
âlimane,âlimane
âlimlik,âlimlik
alinazik,alinazik
aliterasyon,aliterasyon
alivre,alivre
alivre satış,alivre satış
aliyyülâlâ,aliyyülâlâ
alizarin,alizarin
alize,alize
Alkaevli,Alkaevli
alkali,alkali
alkali metaller,alkali metaller
alkalik,alkalik
alkalimetre,alkalimetre
alkaloit,alkaloit
alkalölçer,alkalölçer
alkan,alkan
alkarısı,alkarısı
alkarna,alkarna
alkım,alkım
alkış,alkış
alkış ağası,alkış ağası
alkışçı,alkışçı
alkışçılık,alkışçılık
alkışlama,alkışlama
alkışlamak,alkışlamak
alkışlanma,alkışlanma
alkışlanmak,alkışlanmak
alkışlatma,alkışlatma
alkışlatmak,alkışlatmak
alkil,alkil
alkol,alkol
alkolik,alkolik
alkolizm,alkolizm
alkollü,alkollü
alkolölçer,alkolölçer
alkolsüz,alkolsüz
alkolsüzlük,alkolsüzlük
Allah,Allah
allah,allah
Allah aşkına,Allah aşkına
Allah taksimi,Allah taksimi
Allah vergisi,Allah vergisi
Allah yapısı,Allah yapısı
Allaha ısmarladık,Allaha ısmarladık
allahlık,allahlık
Allahsız,Allahsız
allahsız,allahsız
allahsızlık,allahsızlık
Allahsızlık,Allahsızlık
Allahualem,Allahualem
Allahuteala,Allahuteala
allak bullak etmek,allak bullak etmek
allak bullak olmak,allak bullak olmak
allak bullak,allak bullak
allak,allak
allama,allama
allamak,allamak
allame,allame
allamelik,allamelik
allanma,allanma
allanmak,allanmak
allaşma,allaşma
allaşmak,allaşmak
allegretto,allegretto
allegro,allegro
allem,allem
allı,allı
allı pullu,allı pullu
allık,allık
alma,alma
almaç,almaç
almak,almak
almamazlık,almamazlık
Alman,Alman
Alman gümüşü,Alman gümüşü
Alman papatyası,Alman papatyası
Alman usulü,Alman usulü
almanak,almanak
Almanca,Almanca
Almancı,Almancı
Almancılık,Almancılık
Almanlaşma,Almanlaşma
Almanlaşmak,Almanlaşmak
Almanlaştırma,Almanlaştırma
Almanlaştırmak,Almanlaştırmak
Almansever,Almansever
Almanya,Almanya
almaş,almaş
almaşık yapraklar,almaşık yapraklar
almaşık,almaşık
almaşıklık,almaşıklık
almaşlı,almaşlı
Almatı,Almatı
Almus,Almus
alnaç,alnaç
alo,alo
alogami,alogami
alotropi,alotropi
alp,alp
alpaka,alpaka
alpaks,alpaks
alperen,alperen
alpinist,alpinist
alpinizm,alpinizm
alplık,alplık
Alpu,Alpu
alpyıldızı,alpyıldızı
alşimi,alşimi
alşimist,alşimist
alt,alt
alt alta,alt alta
alt başlık,alt başlık
alt bölüm,alt bölüm
alt cins,alt cins
alt çene,alt çene
alt damak,alt damak
alt deri,alt deri
alt diş,alt diş
alt dudak,alt dudak
alt etmek,alt etmek
alt familya,alt familya
alt geçit,alt geçit
alt güverte,alt güverte
alt hava yuvarı,alt hava yuvarı
alt ırk,alt ırk
alt karşıt,alt karşıt
alt kat,alt kat
alt kurul,alt kurul
alt olmak,alt olmak
alt sınıf,alt sınıf
alt şube,alt şube
alt tabaka,alt tabaka
alt takım,alt takım
alt tarafı,alt tarafı
alt tür,alt tür
alt yanı,alt yanı
alt yazı,alt yazı
alt yazılı,alt yazılı
Altay,Altay
Altayca,Altayca
Altayist,Altayist
Altayistik,Altayistik
alternatif,alternatif
alternatifli,alternatifli
alternatiflilik,alternatiflilik
alternatifsiz,alternatifsiz
alternatifsizlik,alternatifsizlik
alternatör,alternatör
altes,altes
altı,altı
altı parmak,altı parmak
altı yol,altı yol
altıgen,altıgen
altık,altık
Altıkardeş,Altıkardeş
altılı,altılı
altılık,altılık
altın,altın
altın adam,altın adam
altın beşik,altın beşik
altın bilezik,altın bilezik
altın böcek,altın böcek
altın çağı,altın çağı
altın gol,altın gol
altın kaplama,altın kaplama
altın keseği,altın keseği
altın kökü,altın kökü
altın küpü,altın küpü
altın saatler,altın saatler
altın sarısı,altın sarısı
altın suyu,altın suyu
altın varak,altın varak
altın yağmurcun,altın yağmurcun
altın yıl,altın yıl
altın yürekli,altın yürekli
altın yüreklilik,altın yüreklilik
altınbaş,altınbaş
altıncı,altıncı
altıncı duyu,altıncı duyu
altıncı his,altıncı his
altıncılık,altıncılık
Altındağ,Altındağ
Altınekin,Altınekin
altınımsı,altınımsı
altınlaşma,altınlaşma
altınlaşmak,altınlaşmak
altınoluk,altınoluk
Altınova,Altınova
Altınözü,Altınözü
altınsı,altınsı
Altıntaş,Altıntaş
altıntop,altıntop
Altınyayla,Altınyayla
altıparmak,altıparmak
altıpatlar,altıpatlar
altışar,altışar
altız,altız
altimetre,altimetre
altlama,altlama
altlamak,altlamak
altlı,altlı
altlı üstlü,altlı üstlü
altlık,altlık
altmış,altmış
altmış dörtlük,altmış dörtlük
altmışaltı,altmışaltı
altmışar,altmışar
altmışıncı,altmışıncı
altmışlık,altmışlık
alto,alto
alttan alta,alttan alta
Altunhisar,Altunhisar
altuni,altuni
altüst,altüst
altüst böreği,altüst böreği
altüst etmek,altüst etmek
altüst olmak,altüst olmak
altyapı,altyapı
altyapısal,altyapısal
Alucra,Alucra
alüfte,alüfte
alüftelik,alüftelik
alümin,alümin
alüminyum,alüminyum
alüminyum taşı,alüminyum taşı
alüvyon,alüvyon
alveol,alveol
alyan,alyan
alyan anahtarı,alyan anahtarı
alyans,alyans
alyon,alyon
alyuvar,alyuvar
am,am
ama,ama
âmâ,âmâ
amabile,amabile
amaç dışı,amaç dışı
amaç,amaç
amaçlama,amaçlama
amaçlamak,amaçlamak
amaçlanma,amaçlanma
amaçlanmak,amaçlanmak
amaçlı,amaçlı
amaçlılık,amaçlılık
amaçsız,amaçsız
amaçsızlık,amaçsızlık
amade,amade
amal,amal
amalgam,amalgam
âmâlık,âmâlık
amalierbaa,amalierbaa
aman,aman
aman zaman,aman zaman
amanın,amanın
amanname,amanname
amansız,amansız
amansız hastalık,amansız hastalık
amansızca,amansızca
amansızlık,amansızlık
Amasra,Amasra
Amasya,Amasya
amatör,amatör
amatörce,amatörce
amatörlük,amatörlük
amazon,amazon
ambalaj,ambalaj
ambalajcı,ambalajcı
ambalajcılık,ambalajcılık
ambalajlama,ambalajlama
ambalajlamak,ambalajlamak
ambalajlanma,ambalajlanma
ambalajlanmak,ambalajlanmak
ambalajlı,ambalajlı
ambalajsız,ambalajsız
ambale,ambale
ambar,ambar
ambarcı,ambarcı
ambarcılık,ambarcılık
ambarda kurutma,ambarda kurutma
ambargo,ambargo
ambarlama,ambarlama
ambarlamak,ambarlamak
amber,amber
amber ağacı,amber ağacı
amber balığı,amber balığı
amber çiçeği,amber çiçeği
amberbaris,amberbaris
amberbu,amberbu
ambiyans,ambiyans
amblem,amblem
amboli,amboli
ambulans,ambulans
amca,amca
amcalık,amcalık
amcazade,amcazade
amel,amel
amele,amele
amele taburu,amele taburu
amelelik,amelelik
amelî,amelî
ameliyat,ameliyat
ameliyat eldiveni,ameliyat eldiveni
ameliyat masası,ameliyat masası
ameliyathane,ameliyathane
ameliyatlı,ameliyatlı
ameliye,ameliye
amenajman,amenajman
amenna,amenna
Amentü,Amentü
amentü,amentü
Amerika,Amerika
Amerika armudu,Amerika armudu
Amerika bademi,Amerika bademi
Amerika elması,Amerika elması
Amerika tavşanı,Amerika tavşanı
Amerikalı,Amerikalı
Amerikalılaşma,Amerikalılaşma
Amerikalılaşmak,Amerikalılaşmak
Amerikan,Amerikan
amerikan,amerikan
Amerikan bar,Amerikan bar
amerikan bezi,amerikan bezi
Amerikan İngilizcesi,Amerikan İngilizcesi
Amerikan salatası,Amerikan salatası
Amerikanca,Amerikanca
Amerikancılık,Amerikancılık
Amerikanist,Amerikanist
Amerikanizm,Amerikanizm
Amerikansı,Amerikansı
Amerikanvari,Amerikanvari
amerikaüzümü,amerikaüzümü
amerikyum,amerikyum
ametal,ametal
ametist,ametist
amfi,amfi
amfibi,amfibi
amfibi harekât,amfibi harekât
amfibol,amfibol
amfibyumlar,amfibyumlar
amfiteatr,amfiteatr
amfizem,amfizem
amfora,amfora
amigo,amigo
amigoluk,amigoluk
amil,amil
amilaz,amilaz
âmin,âmin
amin,amin
aminoasit,aminoasit
amip,amip
amipler,amipler
amipli,amipli
amir,amir
amiral,amiral
amirallik,amirallik
amirane,amirane
amirce,amirce
amiriita,amiriita
amirlik,amirlik
amit,amit
amitoz,amitoz
amiyane,amiyane
amma,amma
amma velakin,amma velakin
amme,amme
amme davası,amme davası
amme efkârı,amme efkârı
amme hukuku,amme hukuku
amme idaresi,amme idaresi
amme menfaati,amme menfaati
amnezi,amnezi
amniyon,amniyon
amniyon sıvısı,amniyon sıvısı
amonyak,amonyak
amonyaklama,amonyaklama
amonyaklamak,amonyaklamak
amonyum,amonyum
amonyum karbonat,amonyum karbonat
amonyum sülfat,amonyum sülfat
amor,amor
amoralizm,amoralizm
amorf,amorf
amorti,amorti
amortisman,amortisman
amortisör,amortisör
amper,amper
amper saat,amper saat
ampermetre,ampermetre
amperölçer,amperölçer
ampir,ampir
ampirik,ampirik
ampirist,ampirist
ampirizm,ampirizm
amplifikatör,amplifikatör
ampul,ampul
ampütasyon,ampütasyon
amudi,amudi
amudufıkari,amudufıkari
amut,amut
amyant,amyant
an,an
ana,ana
ana arı,ana arı
ana baba,ana baba
ana baba günü,ana baba günü
ana bilim dalı,ana bilim dalı
ana cadde,ana cadde
ana çizgi,ana çizgi
ana dal,ana dal
ana defter,ana defter
ana deniz,ana deniz
ana deniz bilimi,ana deniz bilimi
ana dil,ana dil
ana dili,ana dili
ana direk,ana direk
ana doğrusu,ana doğrusu
ana duvar,ana duvar
ana düşünce,ana düşünce
ana erki,ana erki
ana fikir,ana fikir
ana haber sunucusu,ana haber sunucusu
ana kadın,ana kadın
ana kapı,ana kapı
ana kara,ana kara
ana kent,ana kent
ana kitap,ana kitap
ana konu,ana konu
ana kök,ana kök
ana kraliçe,ana kraliçe
ana kubbe,ana kubbe
ana kucağı,ana kucağı
ana kuyu,ana kuyu
ana kuzusu,ana kuzusu
ana mektebi,ana mektebi
ana menü,ana menü
ana motif,ana motif
ana muhalefet,ana muhalefet
ana ortaklık,ana ortaklık
ana rahmi,ana rahmi
ana saat,ana saat
ana sanlı,ana sanlı
ana sav,ana sav
ana sayaç,ana sayaç
ana sınıfı,ana sınıfı
ana sözleşme,ana sözleşme
ana şehir,ana şehir
ana toplardamar,ana toplardamar
ana vatan,ana vatan
ana yapı,ana yapı
ana yarısı,ana yarısı
ana yol,ana yol
ana yön,ana yön
ana yurt,ana yurt
ana yüreği,ana yüreği
anabolizma,anabolizma
anaca,anaca
anacık,anacık
anacıl,anacıl
anaç,anaç
anaçlaşma,anaçlaşma
anaçlaşmak,anaçlaşmak
anaçlık,anaçlık
anadan doğma,anadan doğma
anadan üryan,anadan üryan
Anadolu,Anadolu
Anadolulu,Anadolulu
anadut,anadut
anaerkil,anaerkil
anaerkillik,anaerkillik
anaerobik,anaerobik
anafilaksi,anafilaksi
anafor,anafor
anaforcu,anaforcu
anaforculuk,anaforculuk
anafordan,anafordan
anaforlama,anaforlama
anaforlamak,anaforlamak
anaforlu,anaforlu
anagram,anagram
anahtar,anahtar
anahtar ağızlığı,anahtar ağızlığı
anahtar bitkiler,anahtar bitkiler
anahtar kelime,anahtar kelime
anahtar taşı,anahtar taşı
anahtarcı,anahtarcı
anahtarcılık,anahtarcılık
anahtarlık,anahtarlık
anakonda,anakonda
anakronik,anakronik
anakronizm,anakronizm
anal,anal
analaştırma,analaştırma
analaştırmak,analaştırmak
analı,analı
analık etmek,analık etmek
analık,analık
analıkızlı,analıkızlı
analist,analist
analitik,analitik
analiz,analiz
analizci,analizci
analizcilik,analizcilik
analizör,analizör
analjezi,analjezi
analjezik,analjezik
analog,analog
analoji,analoji
analojik,analojik
anam,anam
anamal,anamal
anamal birikimi,anamal birikimi
anamalcı,anamalcı
anamalcılık,anamalcılık
anamnezi,anamnezi
Anamur,Anamur
ananas,ananas
ananasgiller,ananasgiller
anane,anane
ananeci,ananeci
ananecilik,ananecilik
ananesiz,ananesiz
ananesizlik,ananesizlik
ananevi,ananevi
anaokulu,anaokulu
anapara,anapara
anarşi,anarşi
anarşik,anarşik
anarşist,anarşist
anarşistleşme,anarşistleşme
anarşistleşmek,anarşistleşmek
anarşistlik,anarşistlik
anarşizm,anarşizm
anartri,anartri
anasıl,anasıl
anasır,anasır
anasız,anasız
anasızlık,anasızlık
anason,anason
anasonlu,anasonlu
anasonsuz,anasonsuz
anatomi,anatomi
anatomici,anatomici
anatomik,anatomik
anatomist,anatomist
anavaşya,anavaşya
anayasa,anayasa
anayasacı,anayasacı
anayasacılık,anayasacılık
anayasal,anayasal
anbean,anbean
anca,anca
ancak,ancak
ançüez,ançüez
andaç,andaç
andante,andante
andantino,andantino
andaval,andaval
andavallı,andavallı
andavallık,andavallık
andavallılık,andavallılık
andemi,andemi
andemik,andemik
andezit,andezit
andıç,andıç
andık,andık
Andırın,Andırın
andırış,andırış
andırışma,andırışma
andırma,andırma
andırmak,andırmak
andız,andız
andız otu,andız otu
andropoz,andropoz
androsefal,androsefal
anekdot,anekdot
anele,anele
anemi,anemi
anemik,anemik
anemometre,anemometre
anemon,anemon
aneroit,aneroit
anestezi,anestezi
anestezist,anestezist
anesteziyoloji,anesteziyoloji
anesteziyolojik,anesteziyolojik
anevrizma,anevrizma
angaje,angaje
angajman,angajman
angajmanlı,angajmanlı
angajmansız,angajmansız
angajmansızlık,angajmansızlık
angarya,angarya
angaryacı,angaryacı
angaryacılık,angaryacılık
angıç,angıç
angın,angın
Anglikan,Anglikan
Anglikanizm,Anglikanizm
Anglofil,Anglofil
Anglosakson,Anglosakson
Angola,Angola
Angolalı,Angolalı
angora,angora
angora tavşanı,angora tavşanı
angström,angström
angudi,angudi
angut,angut
angutluk,angutluk
anha minha,anha minha
anhidrit,anhidrit
anı,anı
anık,anık
anıklama,anıklama
anıklamak,anıklamak
anıklaşma,anıklaşma
anıklaşmak,anıklaşmak
anıklık,anıklık
anılaşma,anılaşma
anılaşmak,anılaşmak
anılma,anılma
anılmak,anılmak
anımsama,anımsama
anımsamak,anımsamak
anımsanma,anımsanma
anımsanmak,anımsanmak
anımsatma,anımsatma
anımsatmak,anımsatmak
anında,anında
anırış,anırış
anırma,anırma
anırmak,anırmak
anırtı,anırtı
anırtma,anırtma
anırtmak,anırtmak
anıştırma,anıştırma
anıştırmak,anıştırmak
anıt,anıt
anıt mezar,anıt mezar
Anıtkabir,Anıtkabir
anıtkabir,anıtkabir
anıtlaşma,anıtlaşma
anıtlaşmak,anıtlaşmak
anıtlaştırılma,anıtlaştırılma
anıtlaştırılmak,anıtlaştırılmak
anıtlaştırma,anıtlaştırma
anıtlaştırmak,anıtlaştırmak
anıtlı,anıtlı
anıtsal,anıtsal
anıtsı,anıtsı
anıtsız,anıtsız
anız,anız
anızlık,anızlık
ani,ani
anide,anide
aniden,aniden
anif,anif
anilin,anilin
anilin boyalar,anilin boyalar
animasyon,animasyon
animato,animato
animatör,animatör
anime,anime
animizm,animizm
anjin,anjin
anjiyo,anjiyo
anjiyografi,anjiyografi
anjiyoloji,anjiyoloji
Anka,Anka
Ankara,Ankara
Ankara çiğdemi,Ankara çiğdemi
Ankara keçisi,Ankara keçisi
Ankara kedisi,Ankara kedisi
Ankara taşı,Ankara taşı
Ankara tavşanı,Ankara tavşanı
ankastre,ankastre
ankesörlü telefon,ankesörlü telefon
anket,anket
anketçi,anketçi
anketçilik,anketçilik
anketör,anketör
anketörlük,anketörlük
ankiloz,ankiloz
anlak,anlak
anlaklı,anlaklı
anlam,anlam
anlam aykırılığı,anlam aykırılığı
anlam bayağılaşması,anlam bayağılaşması
anlam bilimi,anlam bilimi
anlam bilimsel,anlam bilimsel
anlam daralması,anlam daralması
anlam değişmesi,anlam değişmesi
anlam genişlemesi,anlam genişlemesi
anlam iyileşmesi,anlam iyileşmesi
anlam kayması,anlam kayması
anlam kötüleşmesi,anlam kötüleşmesi
anlama,anlama
anlamak,anlamak
anlamamazlık,anlamamazlık
anlamazlık,anlamazlık
anlamdaş,anlamdaş
anlamdaşlık,anlamdaşlık
anlamlandırma,anlamlandırma
anlamlandırmak,anlamlandırmak
anlamlı,anlamlı
anlamlılık,anlamlılık
anlamsal,anlamsal
anlamsız,anlamsız
anlamsızlaşma,anlamsızlaşma
anlamsızlaşmak,anlamsızlaşmak
anlamsızlaştırma,anlamsızlaştırma
anlamsızlaştırmak,anlamsızlaştırmak
anlamsızlık,anlamsızlık
anlaşık,anlaşık
anlaşılan,anlaşılan
anlaşılma,anlaşılma
anlaşılmak,anlaşılmak
anlaşılmaz,anlaşılmaz
anlaşılmazlık,anlaşılmazlık
anlaşma,anlaşma
anlaşmak,anlaşmak
anlaşmalı,anlaşmalı
anlaşmazlık,anlaşmazlık
anlaştırma,anlaştırma
anlaştırmak,anlaştırmak
anlatı,anlatı
anlatıcı,anlatıcı
anlatıcılık,anlatıcılık
anlatılma,anlatılma
anlatılmak,anlatılmak
anlatım,anlatım
anlatım bilimi,anlatım bilimi
anlatım tonu,anlatım tonu
anlatımcı,anlatımcı
anlatımcılık,anlatımcılık
anlatımlı,anlatımlı
anlatış,anlatış
anlatma,anlatma
anlatmak,anlatmak
anlattırma,anlattırma
anlattırmak,anlattırmak
anlayış,anlayış
anlayışlı,anlayışlı
anlayışlılık,anlayışlılık
anlayışsız,anlayışsız
anlayışsızlık,anlayışsızlık
anlı şanlı,anlı şanlı
anlık,anlık
anlıkçılık,anlıkçılık
anma,anma
anma töreni,anma töreni
anmak,anmak
anmalık,anmalık
anne,anne
anneanne,anneanne
anneannelik,anneannelik
annelik etmek,annelik etmek
annelik,annelik
anofel,anofel
anomali,anomali
anonim,anonim
anonim ortaklık,anonim ortaklık
anonim şirket,anonim şirket
anons,anons
anonsör,anonsör
anorak,anorak
anorganik,anorganik
anormal,anormal
anormalleşme,anormalleşme
anormalleşmek,anormalleşmek
anormalleştirme,anormalleştirme
anormalleştirmek,anormalleştirmek
anormallik,anormallik
anot,anot
ansambl,ansambl
ansefal,ansefal
ansefalit,ansefalit
ansız,ansız
ansızın,ansızın
ansiklopedi,ansiklopedi
ansiklopedici,ansiklopedici
ansiklopedicilik,ansiklopedicilik
ansiklopedik bilgi,ansiklopedik bilgi
ansiklopedik sözlük,ansiklopedik sözlük
ansiklopedik,ansiklopedik
ant kardeşi,ant kardeşi
ant olsun,ant olsun
ant,ant
antagonist,antagonist
antagonizm,antagonizm
antagonizma,antagonizma
Antakya,Antakya
Antalya,Antalya
antant,antant
antarktik,antarktik
Antarktika,Antarktika
anten,anten
anten yükselteci,anten yükselteci
antenli,antenli
antenli balık,antenli balık
Antep baklavası,Antep baklavası
Antep fıstığı,Antep fıstığı
Antep fıstığıgiller,Antep fıstığıgiller
Antep işi,Antep işi
anterit,anterit
anterograf,anterograf
anterosel,anterosel
anterostomi,anterostomi
antet,antet
antetli,antetli
antetsiz,antetsiz
antialerjik,antialerjik
antiasit,antiasit
antibiyotik tedavisi,antibiyotik tedavisi
antibiyotik,antibiyotik
antidemokratik,antidemokratik
antidemokratiklik,antidemokratiklik
antidot,antidot
antiemperyalist,antiemperyalist
antiemperyalistlik,antiemperyalistlik
antiemperyalizm,antiemperyalizm
antifriz,antifriz
antihijyenik,antihijyenik
antijen,antijen
antik çağ,antik çağ
antik,antik
antika,antika
antika mobilya,antika mobilya
antikacı,antikacı
antikacılık,antikacılık
antikalık,antikalık
antikapitalist,antikapitalist
antikapitalistlik,antikapitalistlik
antikapitalizm,antikapitalizm
antikatot,antikatot
antikite,antikite
antikomünist,antikomünist
antikomünistlik,antikomünistlik
antikomünizm,antikomünizm
antikor,antikor
antilop,antilop
antiloplar,antiloplar
antimon,antimon
antinomi,antinomi
antioksidan,antioksidan
antipati,antipati
antipatik,antipatik
antipatiklik,antipatiklik
antipropaganda,antipropaganda
antisemit,antisemit
antisemitik,antisemitik
antisemitist,antisemitist
antisemitistlik,antisemitistlik
antisemitizm,antisemitizm
antisepsi,antisepsi
antiseptik,antiseptik
antisiklon,antisiklon
antitanal,antitanal
antitez,antitez
antitoksik,antitoksik
antitoksin,antitoksin
antlaşma,antlaşma
antlaşmak,antlaşmak
antlı,antlı
antoloji,antoloji
antolojik,antolojik
antrakt,antrakt
antrasit,antrasit
antre,antre
antrenman,antrenman
antrenmanlı,antrenmanlı
antrenmansız,antrenmansız
antrenmansızlık,antrenmansızlık
antrenör,antrenör
antrenörlü,antrenörlü
antrenörlük,antrenörlük
antrenörsüz,antrenörsüz
antrepo,antrepo
antrepocu,antrepocu
antrepoculuk,antrepoculuk
antrikot,antrikot
antrok,antrok
antropoit,antropoit
antropoitler,antropoitler
antropolog,antropolog
antropoloji,antropoloji
antropolojik,antropolojik
antropomorfizm,antropomorfizm
antroponim,antroponim
antroposantrizm,antroposantrizm
antrparantez,antrparantez
antsız,antsız
anut,anut
anüri,anüri
anüs,anüs
anüs yüzgeci,anüs yüzgeci
anyon,anyon
anzarot,anzarot
aort,aort
apacı,apacı
apaçık,apaçık
apaçıklık,apaçıklık
apak,apak
apalak,apalak
apandis,apandis
apandisit,apandisit
apansız,apansız
apansızın,apansızın
apar topar,apar topar
aparey,aparey
aparkat,aparkat
aparma,aparma
aparmak,aparmak
apart otel,apart otel
apartma,apartma
apartmak,apartmak
apartman,apartman
apaş,apaş
apatit,apatit
apaydın,apaydın
apaydınlık,apaydınlık
apayrı,apayrı
apaz,apaz
apazlama,apazlama
apazlamak,apazlamak
apel,apel
aperitif,aperitif
apış,apış
apış arası,apış arası
apışak,apışak
apışık,apışık
apışlık,apışlık
apışma,apışma
apışmak,apışmak
apıştırma,apıştırma
apıştırmak,apıştırmak
apiko,apiko
aplik,aplik
aplikasyon,aplikasyon
aplike,aplike
apokaliptik,apokaliptik
apokrif,apokrif
apolet,apolet
aport,aport
aposteriori,aposteriori
apostrof,apostrof
apoşi,apoşi
apotr,apotr
appassionato,appassionato
apraksi,apraksi
apre,apre
apreci,apreci
aprecilik,aprecilik
apreleme,apreleme
aprelemek,aprelemek
apreli,apreli
apresiz,apresiz
apriori,apriori
apse,apse
apseleşme,apseleşme
apseleşmek,apseleşmek
apsent,apsent
apsis,apsis
aptal,aptal
aptal aptal,aptal aptal
aptalca,aptalca
aptalcasına,aptalcasına
aptallaşma,aptallaşma
aptallaşmak,aptallaşmak
aptallaştırma,aptallaştırma
aptallaştırmak,aptallaştırmak
aptallık etmek,aptallık etmek
aptallık,aptallık
apteriks,apteriks
apukurya,apukurya
apul apul,apul apul
ar,ar
ar etmek,ar etmek
ara,ara
ara başlık,ara başlık
ara bono,ara bono
ara bozucu,ara bozucu
ara bozuculuk,ara bozuculuk
ara bulma,ara bulma
ara bulucu,ara bulucu
ara buluculuk,ara buluculuk
ara cümle,ara cümle
ara deniz,ara deniz
ara eleman,ara eleman
ara kapı,ara kapı
ara kararı,ara kararı
ara kazanç,ara kazanç
ara kesit,ara kesit
ara konakçı,ara konakçı
ara konakçılık,ara konakçılık
ara mal,ara mal
ara nağme,ara nağme
ara seçim,ara seçim
ara sıcak,ara sıcak
ara sınav,ara sınav
ara sıra,ara sıra
ara sokak,ara sokak
ara söz,ara söz
ara tümce,ara tümce
ara yerde,ara yerde
ara yön,ara yön
araba,araba
araba araba,araba araba
araba falakası,araba falakası
araba mezarlığı,araba mezarlığı
araba vapuru,araba vapuru
arabacı,arabacı
arabacılık,arabacılık
arabalı,arabalı
arabalı vapur,arabalı vapur
arabalık,arabalık
araban,araban
Araban,Araban
arabankürdi,arabankürdi
arabasız,arabasız
arabasızlık,arabasızlık
arabaşı,arabaşı
arabesk,arabesk
arabeskçi,arabeskçi
arabeskleşme,arabeskleşme
arabeskleşmek,arabeskleşmek
Arabi,Arabi
Arabist,Arabist
Arabistan,Arabistan
Arabistan defnesi,Arabistan defnesi
Arabistik,Arabistik
Arabizasyon,Arabizasyon
arabozan,arabozan
arabozanlık,arabozanlık
aracı,aracı
aracı banka,aracı banka
aracılığıyla,aracılığıyla
aracılık etmek,aracılık etmek
aracılık,aracılık
Araç,Araç
araç telefonu,araç telefonu
araç,araç
araççılık,araççılık
araçlı,araçlı
araçlı jimnastik,araçlı jimnastik
araçsız,araçsız
araçsızlık,araçsızlık
arada bir,arada bir
arada sırada,arada sırada
Araf,Araf
Arafat,Arafat
aragonit,aragonit
arak,arak
araka,araka
arakçı,arakçı
arakçılık,arakçılık
arakiye,arakiye
araklama,araklama
araklamak,araklamak
Araklı,Araklı
Aral,Aral
aralama,aralama
aralamak,aralamak
aralanma,aralanma
aralanmak,aralanmak
aralatma,aralatma
aralatmak,aralatmak
Aralık,Aralık
aralık oyunu,aralık oyunu
aralık,aralık
aralıklı,aralıklı
aralıksız,aralıksız
aralıkta,aralıkta
arama,arama
arama bülteni,arama bülteni
arama emri,arama emri
arama izni,arama izni
arama kararı,arama kararı
arama ruhsatı,arama ruhsatı
arama tarama,arama tarama
aramak,aramak
Aramice,Aramice
aranılma,aranılma
aranılmak,aranılmak
aranje,aranje
aranjman,aranjman
aranjör,aranjör
aranma,aranma
aranmak,aranmak
arantı,arantı
Arap,Arap
Arap alfabesi,Arap alfabesi
Arap rakamları,Arap rakamları
arap sabunu,arap sabunu
Arap tavşanı,Arap tavşanı
Arap zamkı,Arap zamkı
arap,arap
Arapça,Arapça
Arapçalaştırma,Arapçalaştırma
Arapçalaştırmak,Arapçalaştırmak
Arapgir,Arapgir
Araplaşma,Araplaşma
Araplaşmak,Araplaşmak
Araplaştırma,Araplaştırma
Araplaştırmak,Araplaştırmak
Araplık,Araplık
arapsaçı,arapsaçı
ararot,ararot
ararot kamışı,ararot kamışı
Arasat,Arasat
arasız,arasız
arasta,arasta
araşit,araşit
araştırı,araştırı
araştırıcı,araştırıcı
araştırıcılık,araştırıcılık
araştırılma,araştırılma
araştırılmak,araştırılmak
araştırma,araştırma
araştırma filmi,araştırma filmi
araştırma görevlisi,araştırma görevlisi
araştırmacı,araştırmacı
araştırmacılık,araştırmacılık
araştırmak,araştırmak
araştırman,araştırman
aratış,aratış
aratma,aratma
aratmak,aratmak
arayıcı,arayıcı
arayıcı fişeği,arayıcı fişeği
arayıcılık,arayıcılık
arayış,arayış
arayüz,arayüz
araz,araz
âraz,âraz
arazbar,arazbar
arazbarbuselik,arazbarbuselik
arazi,arazi
arazi aracı,arazi aracı
arazöz,arazöz
arbalet,arbalet
arbede,arbede
arbedeci,arbedeci
arbitraj,arbitraj
arboretum,arboretum
arda,arda
Arda,Arda
Ardahan,Ardahan
ardak,ardak
ardaklanma,ardaklanma
ardaklanmak,ardaklanmak
Ardanuç,Ardanuç
Ardeşen,Ardeşen
ardı ardına,ardı ardına
ardı sıra,ardı sıra
ardıç kuşu,ardıç kuşu
ardıç otu,ardıç otu
ardıç rakısı,ardıç rakısı
ardıç,ardıç
ardıl,ardıl
ardıl görüntü,ardıl görüntü
ardılma,ardılma
ardılmak,ardılmak
ardın ardın,ardın ardın
ardınca,ardınca
ardışık görüntü,ardışık görüntü
ardışık olgular,ardışık olgular
ardışık sayılar,ardışık sayılar
ardışık,ardışık
ardışıklık,ardışıklık
ardiye,ardiye
ardiyeci,ardiyeci
ardiyecilik,ardiyecilik
arduvaz,arduvaz
arena,arena
areometre,areometre
argaç,argaç
argaçlama,argaçlama
argaçlamak,argaçlamak
argali,argali
argın,argın
argınlık,argınlık
argıt,argıt
argo,argo
argolaşma,argolaşma
argolaşmak,argolaşmak
argolu,argolu
argon,argon
argonot,argonot
argosuz,argosuz
Arguvan,Arguvan
argüman,argüman
Arhavi,Arhavi
arı,arı
arı beyi,arı beyi
arı biti,arı biti
arı dalağı,arı dalağı
arı kil,arı kil
arı kovanı,arı kovanı
arı kuşu,arı kuşu
arı kuşugiller,arı kuşugiller
arı sili,arı sili
arı sütü,arı sütü
Arıcak,Arıcak
arıcı,arıcı
arıcılık,arıcılık
arık,arık
arıkçı,arıkçı
arıklama,arıklama
arıklamak,arıklamak
arıklaşma,arıklaşma
arıklaşmak,arıklaşmak
arıklatma,arıklatma
arıklatmak,arıklatmak
arıklık,arıklık
Arıkovanı,Arıkovanı
arılama,arılama
arılamak,arılamak
arılanma,arılanma
arılanmak,arılanmak
arılar,arılar
arılaşma,arılaşma
arılaşmak,arılaşmak
arılaştırma,arılaştırma
arılaştırmak,arılaştırmak
arılık,arılık
arındırma,arındırma
arındırmak,arındırmak
arınış,arınış
arınma,arınma
arınmak,arınmak
arış,arış
arıtıcı,arıtıcı
arıtıcılık,arıtıcılık
arıtım,arıtım
arıtımevi,arıtımevi
arıtış,arıtış
arıtma,arıtma
arıtma ünitesi,arıtma ünitesi
arıtmak,arıtmak
arız,arız
arıza,arıza
arızalanma,arızalanma
arızalanmak,arızalanmak
arızalı,arızalı
arızasız,arızasız
arızasızlık,arızasızlık
arızi,arızi
Ari,Ari
ari,ari
Ari dil,Ari dil
arif,arif
arifane,arifane
arife,arife
arife günü,arife günü
arioso,arioso
Aristocu,Aristocu
Aristoculuk,Aristoculuk
aristokrasi,aristokrasi
aristokrat,aristokrat
aristokratik,aristokratik
aristokratlık,aristokratlık
Aristotelesçi,Aristotelesçi
Aristotelesçilik,Aristotelesçilik
aritmetik dizi,aritmetik dizi
aritmetik işlem,aritmetik işlem
aritmetik orta,aritmetik orta
aritmetik,aritmetik
aritmetiksel,aritmetiksel
aritmi,aritmi
aritmik,aritmik
ariya,ariya
ariyet,ariyet
ariyeten,ariyeten
ariz amik,ariz amik
ariza,ariza
arjantin,arjantin
Arjantin,Arjantin
Arjantinli,Arjantinli
ark,ark
arka,arka
arka arka,arka arka
arka arkaya,arka arkaya
arka ayak,arka ayak
arka müziği,arka müziği
arka plan,arka plan
arka planda,arka planda
arka sokak,arka sokak
arka teker,arka teker
arka üstü,arka üstü
arka yüz,arka yüz
arkaç,arkaç
arkadan arkaya,arkadan arkaya
arkadaş,arkadaş
arkadaş canlısı,arkadaş canlısı
arkadaşça,arkadaşça
arkadaşlık etmek,arkadaşlık etmek
arkadaşlık,arkadaşlık
arkaik,arkaik
arkaizm,arkaizm
arkalama,arkalama
arkalamak,arkalamak
arkalanma,arkalanma
arkalanmak,arkalanmak
arkalı,arkalı
arkalıç,arkalıç
arkalık,arkalık
arkalıklı,arkalıklı
arkalıksız,arkalıksız
arkası pek,arkası pek
arkası sıra,arkası sıra
arkası yufka,arkası yufka
arkasız,arkasız
arkasızlık,arkasızlık
arkebüz,arkebüz
arkeen,arkeen
arkegon,arkegon
arkeolog,arkeolog
arkeoloji,arkeoloji
arkeolojik,arkeolojik
arkeopteriks,arkeopteriks
arketip,arketip
arkıt,arkıt
arkoz,arkoz
arktik,arktik
arlanma,arlanma
arlanmak,arlanmak
arlanmaz,arlanmaz
arlanmazlık,arlanmazlık
arlı,arlı
arma,arma
armada,armada
armador,armador
armadorluk,armadorluk
armadura,armadura
armağan,armağan
armalı,armalı
armasız,armasız
armatör,armatör
armatörlük,armatörlük
armatür,armatür
armoni,armoni
armoni orkestrası,armoni orkestrası
armonik,armonik
armonika,armonika
armoniler,armoniler
armonize,armonize
armonyum,armonyum
armudi,armudi
armudiye,armudiye
armudumsu,armudumsu
armut kabağı,armut kabağı
armut kurusu,armut kurusu
armut top,armut top
armut,armut
Armutlu,Armutlu
armuz,armuz
Arnavut,Arnavut
Arnavut bacası,Arnavut bacası
Arnavut biberi,Arnavut biberi
arnavut ciğeri,arnavut ciğeri
Arnavut kaldırımı,Arnavut kaldırımı
Arnavutça,Arnavutça
Arnavutlaşma,Arnavutlaşma
Arnavutlaşmak,Arnavutlaşmak
Arnavutlaştırma,Arnavutlaştırma
Arnavutlaştırmak,Arnavutlaştırmak
Arnavutluk,Arnavutluk
arnika,arnika
aroma,aroma
aromalı,aromalı
aromasız,aromasız
aromatik,aromatik
arp,arp
arpa,arpa
arpa güvesi,arpa güvesi
arpa suyu,arpa suyu
arpa şehriye,arpa şehriye
arpacı,arpacı
arpacık soğanı,arpacık soğanı
arpacık,arpacık
arpacılık,arpacılık
Arpaçay,Arpaçay
arpağan,arpağan
arpalama,arpalama
arpalık etmek,arpalık etmek
arpalık,arpalık
arpamsı,arpamsı
arpçı,arpçı
arpej,arpej
arsa,arsa
arsa payı,arsa payı
arsenik,arsenik
arsıulusal,arsıulusal
arsız,arsız
arsız arsız,arsız arsız
arsızca,arsızca
arsızlanma,arsızlanma
arsızlanmak,arsızlanmak
arsızlaşma,arsızlaşma
arsızlaşmak,arsızlaşmak
arsızlık etmek,arsızlık etmek
arsızlık,arsızlık
Arsin,Arsin
arslan,arslan
arslanlı,arslanlı
arş,arş
arşe,arşe
arşıâlâ,arşıâlâ
arşın,arşın
arşınlama,arşınlama
arşınlamak,arşınlamak
arşınlık,arşınlık
arşidük,arşidük
arşidüşes,arşidüşes
arşiv,arşiv
arşivci,arşivci
arşivcilik,arşivcilik
arşivleme,arşivleme
arşivlemek,arşivlemek
arşivlenme,arşivlenme
arşivlenmek,arşivlenmek
art arda,art arda
art avurt ünsüzü,art avurt ünsüzü
art avurt,art avurt
art bölge,art bölge
art damak ünsüzü,art damak ünsüzü
art damak,art damak
art düşünce,art düşünce
art elden,art elden
art niyet,art niyet
art niyetli,art niyetli
art niyetlilik,art niyetlilik
art oda,art oda
art teker,art teker
art zamanlı,art zamanlı
art zamanlı dil bilimi,art zamanlı dil bilimi
art zamanlılık,art zamanlılık
art,art
artağan,artağan
artağanlık,artağanlık
artakalma,artakalma
artakalmak,artakalmak
artçı,artçı
artçı deprem,artçı deprem
artçı sarsıntı,artçı sarsıntı
artçı şok,artçı şok
artçılık,artçılık
arter,arter
arterit,arterit
artezyen,artezyen
artezyen kuyusu,artezyen kuyusu
artı,artı
artı para,artı para
artı sayı,artı sayı
artı uç,artı uç
artık değer,artık değer
artık emek,artık emek
artık göl,artık göl
artık gün,artık gün
artık yıl,artık yıl
artık,artık
artıklama,artıklama
artıklamak,artıklamak
artım,artım
artımlı,artımlı
artın,artın
artırılma,artırılma
artırılmak,artırılmak
artırım,artırım
artırma,artırma
artırmak,artırmak
artış,artış
artikülasyon,artikülasyon
artist,artist
artistçe,artistçe
artistik,artistik
artistlik,artistlik
artma,artma
artmak,artmak
artmak,artmak
Artova,Artova
artrit,artrit
artroz,artroz
arttırma,arttırma
arttırmak,arttırmak
Artvin,Artvin
aruz,aruz
aruz vezni,aruz vezni
arya,arya
Aryanizm,Aryanizm
arz,arz
arz cazibesi,arz cazibesi
arz dairesi,arz dairesi
arz derecesi,arz derecesi
arz etmek,arz etmek
arz odası,arz odası
arz talep kanunu,arz talep kanunu
arz talep,arz talep
arzani,arzani
arziyat,arziyat
arzu,arzu
arzuhâl,arzuhâl
arzuhâlci,arzuhâlci
arzuhâlcilik,arzuhâlcilik
arzulama,arzulama
arzulamak,arzulamak
arzulu,arzulu
arzusuz,arzusuz
as,as
asa,asa
asabi,asabi
asabileşme,asabileşme
asabileşmek,asabileşmek
asabilik,asabilik
asabiye,asabiye
asabiyeci,asabiyeci
asabiyecilik,asabiyecilik
asabiyet,asabiyet
asal,asal
asal gazlar,asal gazlar
asal sayı,asal sayı
asalak bilimi,asalak bilimi
asalak,asalak
asalaklaşma,asalaklaşma
asalaklaşmak,asalaklaşmak
asalaklık,asalaklık
asalet,asalet
asaleten,asaleten
asaleten atama,asaleten atama
asaleten atanma,asaleten atanma
asamble,asamble
asansör,asansör
asansör boşluğu,asansör boşluğu
asansörcü,asansörcü
asansörcülük,asansörcülük
asap,asap
asar,asar
Asarcık,Asarcık
asarıatika,asarıatika
asayiş,asayiş
asbaşkan,asbaşkan
asbest,asbest
asbest yünü,asbest yünü
aselbent ağacı,aselbent ağacı
aselbent,aselbent
asenkron,asenkron
asepsi,asepsi
aseptik,aseptik
ases,ases
asesbaşı,asesbaşı
asetat,asetat
asetatlı,asetatlı
asetik asit,asetik asit
asetik,asetik
asetilen,asetilen
aseton,aseton
asfalt,asfalt
asfaltit,asfaltit
asfaltlama,asfaltlama
asfaltlamak,asfaltlamak
asfaltlanma,asfaltlanma
asfaltlanmak,asfaltlanmak
asgari,asgari
asgari müşterek,asgari müşterek
asgari tutar,asgari tutar
asgari ücret,asgari ücret
ashap,ashap
ası,ası
asık surat,asık surat
asık suratlı,asık suratlı
asık suratlılık,asık suratlılık
asık,asık
asıl nüsha,asıl nüsha
asıl sayılar,asıl sayılar
asıl,asıl
asılanma,asılanma
asılanmak,asılanmak
asılı,asılı
asılış,asılış
asıllı,asıllı
asılma,asılma
asılmak,asılmak
asılmışadam,asılmışadam
asılsız,asılsız
asılsızlık,asılsızlık
asıltı,asıltı
asım,asım
asım takım,asım takım
asıntı,asıntı
asır,asır
asırlarca,asırlarca
asırlık,asırlık
asi,asi
aside,aside
asidimetre,asidimetre
asil,asil
asileşme,asileşme
asileşmek,asileşmek
asilik etmek,asilik etmek
asilik,asilik
asillik,asillik
asilzade,asilzade
asilzadelik,asilzadelik
asimetri,asimetri
asimetrik,asimetrik
asimilasyon,asimilasyon
asimile,asimile
asimptot,asimptot
asist,asist
asistan,asistan
asistanlık,asistanlık
asistlik,asistlik
asit alkol,asit alkol
asit borik,asit borik
asit fenik,asit fenik
asit,asit
asitölçer,asitölçer
ask,ask
askarit,askarit
askat,askat
asker,asker
asker kaçağı,asker kaçağı
asker ocağı,asker ocağı
asker tayını,asker tayını
askerce,askerce
askerci,askerci
askercilik,askercilik
askerî,askerî
askerî ambargo,askerî ambargo
askerî ataşe,askerî ataşe
askerî inzibat,askerî inzibat
askerî kaput,askerî kaput
askerî rüştiye,askerî rüştiye
askerîleşme,askerîleşme
askerîleşmek,askerîleşmek
askerîleştirme,askerîleştirme
askerîleştirmek,askerîleştirmek
askeriye,askeriye
askerlik dairesi,askerlik dairesi
askerlik etmek,askerlik etmek
askerlik hizmeti,askerlik hizmeti
askerlik şubesi,askerlik şubesi
askerlik yoklaması,askerlik yoklaması
askerlik,askerlik
askı,askı
askıcı,askıcı
askıcılık,askıcılık
askılı,askılı
askılık,askılık
askıntı,askıntı
askısız,askısız
asklı,asklı
askospor,askospor
asla,asla
Aslan,Aslan
aslan,aslan
aslan ağzı,aslan ağzı
aslan payı,aslan payı
aslan sütü,aslan sütü
aslan yürekli,aslan yürekli
aslan yüreklilik,aslan yüreklilik
aslanağzı,aslanağzı
Aslanapa,Aslanapa
aslanca,aslanca
aslangiller,aslangiller
aslanımsı,aslanımsı
aslankulağı,aslankulağı
aslankuyruğu,aslankuyruğu
aslanlık,aslanlık
aslanpençesi,aslanpençesi
aslansı,aslansı
aslen,aslen
aslı astarı,aslı astarı
aslı nesli,aslı nesli
aslık,aslık
asli,asli
asli düşünce,asli düşünce
asli maaş,asli maaş
asli nüsha,asli nüsha
asliye,asliye
asma,asma
asma bahçe,asma bahçe
asma bıyığı,asma bıyığı
asma biti,asma biti
asma kabağı,asma kabağı
asma kat,asma kat
asma kilit,asma kilit
asma köprü,asma köprü
asma merdiven,asma merdiven
asma yaprağı,asma yaprağı
asmagiller,asmagiller
asmak,asmak
asmalı,asmalı
asmalık,asmalık
asmolen,asmolen
asonans,asonans
asorti,asorti
asortik,asortik
asosyal,asosyal
asosyallik,asosyallik
asparagas,asparagas
aspidistra,aspidistra
aspiratör,aspiratör
aspirin,aspirin
aspur,aspur
asrısaadet,asrısaadet
asri,asri
asrileşme,asrileşme
asrileşmek,asrileşmek
asrileştirme,asrileştirme
asrileştirmek,asrileştirmek
asrilik,asrilik
assolist,assolist
assolistlik,assolistlik
ast,ast
Astana,Astana
astar,astar
astar boyası,astar boyası
astar kaplama,astar kaplama
astarlama,astarlama
astarlamak,astarlamak
astarlanma,astarlanma
astarlanmak,astarlanmak
astarlatma,astarlatma
astarlatmak,astarlatmak
astarlı,astarlı
astarlı zarf,astarlı zarf
astarlık,astarlık
astarsız,astarsız
astarya,astarya
astasım,astasım
astat,astat
astatin,astatin
asteğmen,asteğmen
asteğmenlik,asteğmenlik
astım,astım
astımlı,astımlı
astırma,astırma
astırmak,astırmak
astigmat,astigmat
astigmatizm,astigmatizm
astik,astik
astragan,astragan
astrofizik,astrofizik
astrolog,astrolog
astroloji,astroloji
astrolojik,astrolojik
astronom,astronom
astronomi,astronomi
astronomik fiyat,astronomik fiyat
astronomik rakam,astronomik rakam
astronomik,astronomik
astronot,astronot
astronotluk,astronotluk
astropikal,astropikal
astsubay,astsubay
astsubay başçavuş,astsubay başçavuş
astsubay çavuş,astsubay çavuş
astsubay kıdemli başçavuş,astsubay kıdemli başçavuş
astsubay kıdemli çavuş,astsubay kıdemli çavuş
astsubay kıdemli üstçavuş,astsubay kıdemli üstçavuş
astsubay üstçavuş,astsubay üstçavuş
astsubaylık,astsubaylık
asude,asude
asudelik,asudelik
asuman,asuman
Asurca,Asurca
Asya,Asya
Asyalı,Asyalı
Asyalılık,Asyalılık
asyön,asyön
aş,aş
aş damı,aş damı
aş ocağı,aş ocağı
aşağı,aşağı
aşağı bitkiler,aşağı bitkiler
aşağı mahalle,aşağı mahalle
aşağı yukarı,aşağı yukarı
aşağılama,aşağılama
aşağılamak,aşağılamak
aşağılanma,aşağılanma
aşağılanmak,aşağılanmak
aşağılaşma,aşağılaşma
aşağılaşmak,aşağılaşmak
aşağılatma,aşağılatma
aşağılatmak,aşağılatmak
aşağılı yukarılı,aşağılı yukarılı
aşağılık duygusu,aşağılık duygusu
aşağılık kompleksi,aşağılık kompleksi
aşağılık,aşağılık
aşağısama,aşağısama
aşağısamak,aşağısamak
aşama,aşama
aşama sırası,aşama sırası
aşamalı,aşamalı
aşar,aşar
aşarcı,aşarcı
aşarcılık,aşarcılık
aşari,aşari
aşçı,aşçı
aşçı baltası,aşçı baltası
aşçıbaşı,aşçıbaşı
aşçıbaşılık,aşçıbaşılık
aşçılık,aşçılık
aşerat,aşerat
aşerme,aşerme
aşermek,aşermek
aşevi,aşevi
aşhane,aşhane
aşı,aşı
aşı boyalı,aşı boyalı
aşı boyası,aşı boyası
aşı kâğıdı,aşı kâğıdı
aşı taşı,aşı taşı
aşıcı,aşıcı
aşıcılık,aşıcılık
âşık etmek,âşık etmek
aşık kemiği,aşık kemiği
âşık olmak,âşık olmak
aşık,aşık
âşık,âşık
âşıkane,âşıkane
âşıklı,âşıklı
âşıklık,âşıklık
âşıktaş,âşıktaş
âşıktaşlık etmek,âşıktaşlık etmek
âşıktaşlık,âşıktaşlık
aşılama,aşılama
aşılamak,aşılamak
aşılanma,aşılanma
aşılanmak,aşılanmak
aşılatma,aşılatma
aşılatmak,aşılatmak
aşılı,aşılı
aşılma,aşılma
aşılmak,aşılmak
aşım,aşım
aşındırma,aşındırma
aşındırmak,aşındırmak
aşınım,aşınım
aşınma,aşınma
aşınma payı,aşınma payı
aşınmak,aşınmak
aşıntı,aşıntı
aşıramento,aşıramento
aşırı,aşırı
aşırı bellem,aşırı bellem
aşırı besi,aşırı besi
aşırı doyma,aşırı doyma
aşırı duyarlık,aşırı duyarlık
aşırı duyu,aşırı duyu
aşırı erime,aşırı erime
aşırı taşırı,aşırı taşırı
aşırı uç,aşırı uç
aşırıcılık,aşırıcılık
aşırılık,aşırılık
aşırılma,aşırılma
aşırılmak,aşırılmak
aşırıntı,aşırıntı
aşırma,aşırma
aşırma kayış,aşırma kayış
aşırmacı,aşırmacı
aşırmacılık,aşırmacılık
aşırmak,aşırmak
aşırmasyon,aşırmasyon
aşırtı,aşırtı
aşırtma,aşırtma
aşırtmak,aşırtmak
aşısız,aşısız
aşısızlık,aşısızlık
aşıt,aşıt
aşikâr,aşikâr
aşikâre,aşikâre
aşina,aşina
aşinalık,aşinalık
aşir,aşir
aşiret,aşiret
aşiyan,aşiyan
aşk,aşk
aşk etme,aşk etme
aşk etmek,aşk etmek
aşk olsun,aşk olsun
Aşkabat,Aşkabat
Aşkale,Aşkale
aşkın,aşkın
aşkıncılık,aşkıncılık
aşkmerdiveni,aşkmerdiveni
aşlık,aşlık
aşma,aşma
aşmak,aşmak
aşna fişne,aşna fişne
aşoz,aşoz
aştırma,aştırma
aştırmak,aştırmak
aşure,aşure
aşure ayı,aşure ayı
aşure günü,aşure günü
aşurelik,aşurelik
aşüfte,aşüfte
aşüftelik,aşüftelik
at,at
at cambazı,at cambazı
at donu,at donu
at gözlüğü,at gözlüğü
at hırsızı,at hırsızı
at kestanesi,at kestanesi
at kestanesigiller,at kestanesigiller
at meydanı,at meydanı
at sineği,at sineği
ata,ata
ata erki,ata erki
atabey,atabey
Atabey,Atabey
atacılık,atacılık
ataerkil,ataerkil
atak,atak
ataklık,ataklık
atalet,atalet
atalık,atalık
atama,atama
atamak,atamak
ataman,ataman
atanma,atanma
atanmak,atanmak
atanmamışlık,atanmamışlık
atanmış,atanmış
ataraksiya,ataraksiya
atardamar,atardamar
atari,atari
atarkanal,atarkanal
atasözü,atasözü
ataş,ataş
ataşe,ataşe
ataşelik,ataşelik
Atatürkçü,Atatürkçü
Atatürkçülük,Atatürkçülük
atavik,atavik
atavizm,atavizm
atbalığı,atbalığı
atbaşı,atbaşı
atçı,atçı
atçılık,atçılık
ate,ate
atefleksiyon,atefleksiyon
ateh,ateh
ateist,ateist
ateizm,ateizm
aterina,aterina
ateş,ateş
ateş balığı,ateş balığı
ateş böceği,ateş böceği
ateş böcekleri,ateş böcekleri
ateş çiçeği,ateş çiçeği
ateş gecesi,ateş gecesi
ateş gemisi,ateş gemisi
ateş hattı,ateş hattı
ateş kayığı,ateş kayığı
ateş kırmızısı,ateş kırmızısı
ateş pahası,ateş pahası
ateş parçası,ateş parçası
ateş tuğlası,ateş tuğlası
ateşbaz,ateşbaz
ateşçi,ateşçi
ateşçilik,ateşçilik
ateşe dayanıklı,ateşe dayanıklı
ateşe dayanıklılık,ateşe dayanıklılık
ateşin,ateşin
ateşkes,ateşkes
ateşleme,ateşleme
ateşlemek,ateşlemek
ateşlendirme,ateşlendirme
ateşlendirmek,ateşlendirmek
ateşlenme,ateşlenme
ateşlenmek,ateşlenmek
ateşletme,ateşletme
ateşletmek,ateşletmek
ateşleyici,ateşleyici
ateşleyicilik,ateşleyicilik
ateşli,ateşli
ateşli ateşli,ateşli ateşli
ateşli silah,ateşli silah
ateşlik,ateşlik
ateşlilik,ateşlilik
ateşperest,ateşperest
ateşperestlik,ateşperestlik
ateşten gömlek,ateşten gömlek
atfen,atfen
atfetme,atfetme
atfetmek,atfetmek
atgiller,atgiller
atgözlüğü,atgözlüğü
atıcı,atıcı
atıcılık,atıcılık
atıf,atıf
atıfet,atıfet
atık kâğıt,atık kâğıt
atık su,atık su
atık,atık
atıl,atıl
atılgan,atılgan
atılganlık,atılganlık
atılı,atılı
atılım,atılım
atılımcı,atılımcı
atılımcılık,atılımcılık
atılış,atılış
atılma,atılma
atılmak,atılmak
atım,atım
atımcı,atımcı
atımcılık,atımcılık
atımlık,atımlık
atış,atış
atış yeri,atış yeri
atışma,atışma
atışmak,atışmak
atıştırma,atıştırma
atıştırma yeri,atıştırma yeri
atıştırmak,atıştırmak
atıştırmalık,atıştırmalık
ati,ati
atik tetik,atik tetik
atik,atik
atiklik,atiklik
Atkaracalar,Atkaracalar
atkı,atkı
atkı iplik,atkı iplik
atkılama,atkılama
atkılamak,atkılamak
atkılı,atkılı
atkuyruğu,atkuyruğu
atkuyruğugiller,atkuyruğugiller
atlama,atlama
atlama beygiri,atlama beygiri
atlama çizgisi,atlama çizgisi
atlama tahtası,atlama tahtası
atlama taşı,atlama taşı
atlamak,atlamak
atlambaç,atlambaç
atlangıç,atlangıç
atlanılma,atlanılma
atlanılmak,atlanılmak
atlanma,atlanma
atlanmak,atlanmak
atlas,atlas
atlas çiçeği,atlas çiçeği
atlas çiçeğigiller,atlas çiçeğigiller
atlas kemiği,atlas kemiği
atlatılma,atlatılma
atlatılmak,atlatılmak
atlatma,atlatma
atlatmak,atlatmak
atlaya zıplaya,atlaya zıplaya
atlet,atlet
atlet fanilası,atlet fanilası
atletik,atletik
atletizm,atletizm
atlı,atlı
atlı karınca,atlı karınca
atlı spor,atlı spor
atlıkarınca,atlıkarınca
atma,atma
atmaca,atmaca
atmak,atmak
atmasyon,atmasyon
atmasyoncu,atmasyoncu
atmasyonculuk,atmasyonculuk
atmık,atmık
atmosfer,atmosfer
atmosfer basıncı,atmosfer basıncı
atmosferik,atmosferik
atol,atol
atom,atom
atom ağırlığı,atom ağırlığı
atom bombası,atom bombası
atom çağı,atom çağı
atom çekirdeği,atom çekirdeği
atom enerjisi,atom enerjisi
atom numarası,atom numarası
atom reaktörü,atom reaktörü
atom santrali,atom santrali
atom sayısı,atom sayısı
atomal,atomal
atomcu,atomcu
atomculuk,atomculuk
atomik,atomik
atonal,atonal
atölye,atölye
atölye resmi,atölye resmi
atraksiyon,atraksiyon
atropin,atropin
attırma,attırma
attırmak,attırmak
aut,aut
av,av
av dönemi,av dönemi
av hayvanı,av hayvanı
av köpeği,av köpeği
av kuşu,av kuşu
av mevsimi,av mevsimi
av tezkeresi,av tezkeresi
av yasağı,av yasağı
avadancı,avadancı
avadanlık,avadanlık
aval,aval
aval aval,aval aval
aval,aval
avam,avam
avan proje,avan proje
avanak,avanak
avanakça,avanakça
avanaklık,avanaklık
avangart,avangart
Avanos,Avanos
avans,avans
avanta,avanta
avantacı,avantacı
avantacılık,avantacılık
avantadan,avantadan
avantaj,avantaj
avantajlı,avantajlı
avantajlılık,avantajlılık
avantajsız,avantajsız
avantür,avantür
avantüriye,avantüriye
avantüriyer,avantüriyer
Avar,Avar
avara,avara
Avarca,Avarca
avare,avare
avareleşme,avareleşme
avareleşmek,avareleşmek
avareleştirme,avareleştirme
avareleştirmek,avareleştirmek
avarelik,avarelik
avarız,avarız
avarya,avarya
avaz,avaz
avcı,avcı
avcı çantası,avcı çantası
avcı eri,avcı eri
avcı hattı,avcı hattı
avcı otu,avcı otu
avcı uçağı,avcı uçağı
Avcılar,Avcılar
avcılık etmek,avcılık etmek
avcılık,avcılık
avdet,avdet
avdet etmek,avdet etmek
avdetî,avdetî
avene,avene
averaj,averaj
avisto,avisto
avize,avize
avize ağacı,avize ağacı
avlak,avlak
avlama,avlama
avlamak,avlamak
avlanma,avlanma
avlanmak,avlanmak
avlatma,avlatma
avlatmak,avlatmak
avlu,avlu
avokado,avokado
Avrasya,Avrasya
avrat pazarı,avrat pazarı
avrat,avrat
avret,avret
avro,avro
avrovil,avrovil
Avrupa,Avrupa
Avrupa kayını,Avrupa kayını
Avrupai,Avrupai
Avrupalı,Avrupalı
Avrupalılaşma,Avrupalılaşma
Avrupalılaşmak,Avrupalılaşmak
Avrupalılık,Avrupalılık
Avşar,Avşar
avuç avuç,avuç avuç
avuç dolusu,avuç dolusu
avuç,avuç
avuçiçi,avuçiçi
avuçlama,avuçlama
avuçlamak,avuçlamak
avukat,avukat
avukatlık,avukatlık
avunç,avunç
avundurma,avundurma
avundurmak,avundurmak
avunma,avunma
avunmak,avunmak
avuntu,avuntu
avunulma,avunulma
avunulmak,avunulmak
avurt ünsüzü,avurt ünsüzü
avurt,avurt
avurtlama,avurtlama
avurtlamak,avurtlamak
avurtlu,avurtlu
Avustralya,Avustralya
Avustralya karatavuğu,Avustralya karatavuğu
Avustralyalı,Avustralyalı
Avusturya,Avusturya
Avusturyalı,Avusturyalı
avutma,avutma
avutmak,avutmak
avutucu,avutucu
avutulma,avutulma
avutulmak,avutulmak
ay,ay
ay ağılı,ay ağılı
ay balığı,ay balığı
ay balığıgiller,ay balığıgiller
ay balta,ay balta
ay başı,ay başı
ay çekirdeği,ay çekirdeği
ay çöreği,ay çöreği
ay dede,ay dede
ay dönümü,ay dönümü
ay gün takvimi,ay gün takvimi
ay gün yılı,ay gün yılı
ay ışığı,ay ışığı
ay karanlığı,ay karanlığı
ay modülü,ay modülü
ay örümceği,ay örümceği
ay parçası,ay parçası
ay takvimi,ay takvimi
ay tutulması,ay tutulması
ay yıldız,ay yıldız
ay yılı,ay yılı
aya,aya
ayağı bağlı,ayağı bağlı
ayağı uğurlu,ayağı uğurlu
ayağı üzengide,ayağı üzengide
ayak bağı,ayak bağı
ayak bileği,ayak bileği
ayak divanı,ayak divanı
ayak havlusu,ayak havlusu
ayak işi,ayak işi
ayak izi,ayak izi
ayak keseri,ayak keseri
ayak kirası,ayak kirası
ayak makinesi,ayak makinesi
ayak oyunu,ayak oyunu
ayak perde,ayak perde
ayak satıcısı,ayak satıcısı
ayak tabanı,ayak tabanı
ayak takımı,ayak takımı
ayak tarağı,ayak tarağı
ayak tedavisi,ayak tedavisi
ayak teri,ayak teri
ayak topu,ayak topu
ayak ucu,ayak ucu
ayak yalın,ayak yalın
ayak,ayak
ayakaltı,ayakaltı
ayakbastı,ayakbastı
ayakçak,ayakçak
ayakçı,ayakçı
ayakçılık,ayakçılık
ayakçın,ayakçın
ayakkabı,ayakkabı
ayakkabıcı,ayakkabıcı
ayakkabıcılık,ayakkabıcılık
ayakkabılık,ayakkabılık
ayaklama,ayaklama
ayaklamak,ayaklamak
ayaklandırma,ayaklandırma
ayaklandırmak,ayaklandırmak
ayaklanma,ayaklanma
ayaklanmak,ayaklanmak
ayaklı,ayaklı
ayaklı canavar,ayaklı canavar
ayaklı koşma,ayaklı koşma
ayaklı kütüphane,ayaklı kütüphane
ayaklı mâni,ayaklı mâni
ayaklık,ayaklık
ayaklılık,ayaklılık
ayaksı,ayaksı
ayaksız,ayaksız
ayaksızlar,ayaksızlar
ayakta,ayakta
ayakta tedavi,ayakta tedavi
ayaktaş,ayaktaş
ayakucu,ayakucu
ayaküstü,ayaküstü
ayaküzeri,ayaküzeri
ayakyolu,ayakyolu
ayal,ayal
ayan,ayan
âyan,âyan
ayan beyan,ayan beyan
Ayancık,Ayancık
ayandon,ayandon
ayar,ayar
ayarcı,ayarcı
ayarı bozuk,ayarı bozuk
ayarlama,ayarlama
ayarlamak,ayarlamak
ayarlanma,ayarlanma
ayarlanmak,ayarlanmak
ayarlatma,ayarlatma
ayarlatmak,ayarlatmak
ayarlı,ayarlı
ayarlı pense,ayarlı pense
ayarsız,ayarsız
ayarsızlık,ayarsızlık
ayartı,ayartı
ayartıcı,ayartıcı
ayartıcılık,ayartıcılık
ayartılma,ayartılma
ayartılmak,ayartılmak
ayartma,ayartma
ayartmak,ayartmak
Ayaş,Ayaş
ayaz,ayaz
ayazlama,ayazlama
ayazlamak,ayazlamak
ayazlandırılma,ayazlandırılma
ayazlandırılmak,ayazlandırılmak
ayazlandırılmış rakı,ayazlandırılmış rakı
ayazlandırma,ayazlandırma
ayazlandırmak,ayazlandırmak
ayazlanma,ayazlanma
ayazlanmak,ayazlanmak
ayazlatma,ayazlatma
ayazlatmak,ayazlatmak
ayazlık,ayazlık
ayazma,ayazma
Aybastı,Aybastı
aybaşı,aybaşı
aybaşılı,aybaşılı
aybeay,aybeay
ayça,ayça
ayçiçeği,ayçiçeği
ayçiçeği yağı,ayçiçeği yağı
aydan aya,aydan aya
aydemir,aydemir
aydın,aydın
Aydın,Aydın
Aydıncık,Aydıncık
aydınger,aydınger
aydınlanma,aydınlanma
aydınlanmak,aydınlanmak
Aydınlar,Aydınlar
aydınlatıcı,aydınlatıcı
aydınlatıcılık,aydınlatıcılık
aydınlatılma,aydınlatılma
aydınlatılmak,aydınlatılmak
aydınlatma,aydınlatma
aydınlatmak,aydınlatmak
aydınlık,aydınlık
aydınlıkölçer,aydınlıkölçer
Aydıntepe,Aydıntepe
ayet,ayet
ayevi,ayevi
aygın,aygın
aygın baygın,aygın baygın
aygınlık,aygınlık
aygır,aygır
aygır deposu,aygır deposu
aygıt,aygıt
ayı,ayı
ayı balığı,ayı balığı
ayı gülü,ayı gülü
ayı üzümü,ayı üzümü
ayı yürüyüşü,ayı yürüyüşü
ayıbacağı,ayıbacağı
ayıboğan,ayıboğan
ayıcı,ayıcı
ayıcılık,ayıcılık
ayıgiller,ayıgiller
ayık,ayık
ayıklama,ayıklama
ayıklamak,ayıklamak
ayıklanma,ayıklanma
ayıklanmak,ayıklanmak
ayıklatma,ayıklatma
ayıklatmak,ayıklatmak
ayıklık,ayıklık
ayıkma,ayıkma
ayıkmak,ayıkmak
ayıkulağı,ayıkulağı
ayılık etmek,ayılık etmek
ayılık,ayılık
ayılma,ayılma
ayılmak,ayılmak
ayıltı,ayıltı
ayıltma,ayıltma
ayıltmak,ayıltmak
ayın,ayın
ayın on dördü,ayın on dördü
ayınga,ayınga
ayıngacı,ayıngacı
ayıngacılık,ayıngacılık
ayıp etmek,ayıp etmek
ayıp yerler,ayıp yerler
ayıp,ayıp
ayıplama,ayıplama
ayıplamak,ayıplamak
ayıplanma,ayıplanma
ayıplanmak,ayıplanmak
ayıplı,ayıplı
ayıpsız,ayıpsız
ayıraç,ayıraç
ayıran,ayıran
ayırıcı,ayırıcı
ayırıcılık,ayırıcılık
ayırma,ayırma
ayırmaç,ayırmaç
ayırmak,ayırmak
ayırt edilme,ayırt edilme
ayırt edilmek,ayırt edilmek
ayırt etme,ayırt etme
ayırt etmek,ayırt etmek
ayırtı,ayırtı
ayırtma,ayırtma
ayırtmak,ayırtmak
ayırtman,ayırtman
ayırtmanlık,ayırtmanlık
ayırttırma,ayırttırma
ayırttırmak,ayırttırmak
ayıt,ayıt
ayin,ayin
ayinicem,ayinicem
aykırı,aykırı
aykırı doğrular,aykırı doğrular
aykırı katmanlaşma,aykırı katmanlaşma
aykırılama,aykırılama
aykırılamak,aykırılamak
aykırılaşma,aykırılaşma
aykırılaşmak,aykırılaşmak
aykırılık,aykırılık
ayla,ayla
aylak olmak,aylak olmak
aylak,aylak
aylakçı,aylakçı
aylakçılık,aylakçılık
aylaklık etmek,aylaklık etmek
aylaklık,aylaklık
aylama,aylama
aylamak,aylamak
aylandız,aylandız
aylanma,aylanma
aylanmak,aylanmak
aylı,aylı
aylık,aylık
aylıkçı,aylıkçı
aylıklı,aylıklı
ayma,ayma
aymak,aymak
aymaz,aymaz
aymazlaşma,aymazlaşma
aymazlaşmak,aymazlaşmak
aymazlık,aymazlık
ayn,ayn
ayna,ayna
ayna taşı,ayna taşı
ayna tırnağı,ayna tırnağı
aynabakar,aynabakar
aynacı,aynacı
aynacılık,aynacılık
aynalı,aynalı
aynalı sazan,aynalı sazan
aynalık tahtası,aynalık tahtası
aynalık,aynalık
aynasız,aynasız
aynasızlık,aynasızlık
aynaz,aynaz
aynen,aynen
aynı,aynı
aynı zamanda,aynı zamanda
aynılaşma,aynılaşma
aynılaşmak,aynılaşmak
aynılık,aynılık
aynısefa,aynısefa
aynıyla,aynıyla
ayni,ayni
ayni hak,ayni hak
ayniyat,ayniyat
ayniyet,ayniyet
aynştaynyum,aynştaynyum
ayol,ayol
ayraç,ayraç
ayran,ayran
ayran ağızlı,ayran ağızlı
ayran budalası,ayran budalası
ayran delisi,ayran delisi
ayran gönüllü,ayran gönüllü
ayran gönüllülük,ayran gönüllülük
ayrancı,ayrancı
Ayrancı,Ayrancı
ayrancılık,ayrancılık
ayranlaşma,ayranlaşma
ayranlaşmak,ayranlaşmak
ayrı,ayrı
ayrı ayrı,ayrı ayrı
ayrı basım,ayrı basım
ayrı cinsten,ayrı cinsten
ayrı çanak yapraklılar,ayrı çanak yapraklılar
ayrı taç yapraklılar,ayrı taç yapraklılar
ayrıca,ayrıca
ayrıcalı,ayrıcalı
ayrıcalık,ayrıcalık
ayrıcalıklı,ayrıcalıklı
ayrıcalıksız,ayrıcalıksız
ayrıcasız,ayrıcasız
ayrıç,ayrıç
ayrık küme,ayrık küme
ayrık otu,ayrık otu
ayrık,ayrık
ayrıklı,ayrıklı
ayrıklık,ayrıklık
ayrıksı,ayrıksı
ayrıksı ay,ayrıksı ay
ayrıksı yıl,ayrıksı yıl
ayrıksılık,ayrıksılık
ayrıksız,ayrıksız
ayrılanma,ayrılanma
ayrılanmak,ayrılanmak
ayrılaşma,ayrılaşma
ayrılaşmak,ayrılaşmak
ayrılı,ayrılı
ayrılık,ayrılık
ayrılış,ayrılış
ayrılışma,ayrılışma
ayrılışmak,ayrılışmak
ayrılma,ayrılma
ayrılma durumu,ayrılma durumu
ayrılmak,ayrılmak
ayrılmazlık,ayrılmazlık
ayrım,ayrım
ayrımcı,ayrımcı
ayrımlama,ayrımlama
ayrımlamak,ayrımlamak
ayrımlaşma,ayrımlaşma
ayrımlaşmak,ayrımlaşmak
ayrımlı,ayrımlı
ayrımlılık,ayrımlılık
ayrımsama,ayrımsama
ayrımsamak,ayrımsamak
ayrımsız,ayrımsız
ayrımsızlık,ayrımsızlık
ayrıntı,ayrıntı
ayrıntılı,ayrıntılı
ayrıntısız,ayrıntısız
ayrışık,ayrışık
ayrışıklık,ayrışıklık
ayrışım,ayrışım
ayrışma,ayrışma
ayrışmak,ayrışmak
ayrıştırma,ayrıştırma
ayrıştırmak,ayrıştırmak
ayrıt,ayrıt
ayrıyeten,ayrıyeten
aysar,aysar
aysberg,aysberg
aysfilt,aysfilt
aysız,aysız
ayşekadın,ayşekadın
aytışma,aytışma
aytışmak,aytışmak
ayva,ayva
ayva göbekli,ayva göbekli
ayva hoşafı,ayva hoşafı
ayva kompostosu,ayva kompostosu
ayva marmeladı,ayva marmeladı
ayva reçeli,ayva reçeli
ayva tüyü,ayva tüyü
Ayvacık,Ayvacık
ayvadana,ayvadana
Ayvalık,Ayvalık
ayvalık,ayvalık
ayvan,ayvan
ayvaz,ayvaz
ayvazlık,ayvazlık
ayyar,ayyar
ayyarlık,ayyarlık
ayyaş,ayyaş
ayyaşlık,ayyaşlık
ayyuk,ayyuk
